ET,Tr,Es,Ei,Esb,RF,GW,SM1,SM2,SM3
0.100916201090262,0.00631116683958608,0.0944858249611247,2.16439371314436e-07,0.000118992850179467,0,5976.13940475957,0.28811027339356,0.386,0.387026768382435
0.128983853600061,0.00841384236133712,0,0.00116712328805363,0.11940288795067,0,5952.25819857146,0.287393725351216,0.385192259050869,0.385998246487486
0,0,0,0,0,0,5946.3727229783,0.286678963754487,0.384391907492535,0.385997176770102
0,0,0,0,0,0,5940.48811758772,0.285965979803181,0.383594056003466,0.385995047335282
0.0448454370114014,0.00166112747662754,0,7.71205244347148e-07,0.0431835383295295,0,5934.60441314123,0.285254768223372,0.382797737753497,0.385991785601636
0.070129005565484,0.00284894637184512,0,0,0.0672800591936389,0,5928.72164210561,0.284545324854348,0.382003220030936,0.385987417629461
0.0830650844874888,0.00357186519612664,0,1.4923052850162e-06,0.0794917269860772,0,5922.83983638042,0.283837645539329,0.381210763384353,0.385981969834122
0.0107139490368963,0.000446665211553197,0,0,0.0102672838253431,0,5916.9590272899,0.283131727851601,0.380422566518104,0.385975632254835
0.0332415408572261,0.00156197348944599,0,0,0.0316795673677801,0,5911.07924178088,0.282427565248824,0.379636180254729,0.385968209251969
0.07103570265462,0.00390697392825159,0,2.19385428572038e-06,0.0671265348720827,0,5905.2005113859,0.281725152747258,0.378850894880279,0.385959645021665
0.0244468657150574,0.00122805423074859,0,7.388437484801e-07,0.0232180726405604,0,5899.32286897297,0.281024488535488,0.378069577351134,0.385950188771752
0,0,0,0,0,0,5893.44634165789,0.280325567527731,0.37729138102661,0.385939777977352
0.069321567942336,0.0032054544893409,0,0,0.0661161134529951,0,5887.57095804907,0.279628383161949,0.376513766547707,0.385928199302882
0.122767534286033,0.00635720668632874,0,2.12496956167449e-06,0.116408202630143,0,5881.69675175159,0.278932931155565,0.375736765241992,0.385915456724978
0.144275827365932,0.00724485587569253,0,2.79225594885928e-06,0.13702817923429,0,5875.82375631674,0.27823920833795,0.374961663758796,0.385901665680228
0.200036155180629,0.0106340379457546,0,4.17199048401684e-06,0.189397945244391,0,5869.95200265229,0.277547209168296,0.374187036231034,0.385886703632282
0.308411605474203,0.0187301266420445,0,1.37717936851267e-06,0.28968010165279,0,5864.08152455238,0.276856927038322,0.373410218086476,0.385870331293719
0.597176884318508,0.0453200893169369,0.11446988425433,3.36912486549323e-05,0.437353219498586,0,5858.21236140959,0.274300277810997,0.372620766242254,0.385851593185659
0.357664222914358,0.0270128493974929,0.330650019185164,1.35433170079002e-06,0,0,5852.34457485343,0.267022086723158,0.371843959935645,0.385832780757711
0.213415621908484,0.0139335436466462,0.194838756744332,7.34179879705614e-06,0.00463597971870862,0,5846.47817330753,0.26246120914154,0.37107637339502,0.385813651945874
0.149863917092072,0.00763153807792406,0.142232379014148,0,0,0,5840.61317086394,0.258963805166292,0.370314370067144,0.385793873970792
0.122364998511712,0.00671662325424308,0.114796028882656,1.33440487579062e-06,0.00085101196993756,0,5834.74958938939,0.256023826897415,0.369554981319073,0.385773176206332
0.186577269894961,0.0109388277709239,0.174359518518796,1.99227326352529e-06,0.00127693133197776,0,5828.88745707957,0.251899889202569,0.368795357833929,0.385751292389143
0,0,0,0,0,0,5823.02680835611,0.251290449357855,0.368043905475381,0.38572903124171
0.131011994786365,0.00740213737895779,0.123609857350563,8.76632123960944e-14,5.67557556484119e-11,0,5817.16765889283,0.248193278511973,0.367290609208989,0.385705427038053
0.435422329740609,0.0292534479414826,0.406166897878347,1.98392077927022e-06,0,0,5811.31004684072,0.239478371832981,0.366527191304779,0.385679694250452
0.405179314513689,0.0303327921955687,0.374845219115167,1.30320295256636e-06,0,0,5805.45402863577,0.231402766147369,0.365764833529368,0.385652938392783
0.276634910879146,0.0167779289907241,0.25856070046311,1.99432395521468e-06,0.00129428710135625,0,5799.59963506819,0.225656038240634,0.36501174589223,0.385625963394723
0.50859058816576,0.0403035752921185,0.468271980617174,1.50322564683308e-05,0,0,5793.74687829518,0.215924642502782,0.364247431175959,0.38559674970468
0.294466954610689,0.022123507523052,0.272339485706308,3.96138132953137e-06,0,0,5787.89581742594,0.209992333678777,0.363494803011911,0.38556758169812
0.403496162371146,0.0302750661770731,0.373217153342694,3.9428513788273e-06,0,0,5782.04645854617,0.20205702461588,0.362739502696045,0.385537019665578
0.321005577745724,0.0182027222738281,0.30066465275479,3.27909261940286e-06,0.00213492362448634,0,5776.19884122544,0.195541203397275,0.361992586355794,0.385506192099091
0.273151804970842,0.01502929208731,0.252515899143149,8.59125966409599e-06,0.00559802248071908,0,5770.35297886344,0.190004563184229,0.361249202610505,0.385474617120864
0.326369581294942,0.0186600105023568,0.303867912466021,5.9024980342662e-06,0.00383575582853009,0,5764.50889609588,0.183454652333794,0.360505657279295,0.385441916929349
0.480909406053453,0.0324309770927307,0.415715312055023,5.04731183553969e-05,0.0327126437873432,0,5758.66662637407,0.174684082162995,0.359756273422646,0.385407511690805
0.233290250769127,0.0138669900439142,0,0.000901552363066719,0.218521708362146,0,5752.82621665324,0.174249633402973,0.359018711541908,0.385373246780612
0.126885136439395,0.00623020331152711,0,0.00305675065363345,0.117598182474235,0,5746.98767107527,0.173816265856076,0.358287606056976,0.385338519035887
0.625284720936541,0.0450911022936733,0,7.96765930153475e-05,0.580113942049852,0,5741.15100783576,0.207151742672005,0.357537387099546,0.385300637406366
0.329931913252363,0.0258649240100215,0.302725699311674,0.00134128993066745,0,0,5735.31630765465,0.217784876353659,0.356802923849201,0.385262956223193
0.163059201176769,0.0113834206292284,0,0.000559533207636874,0.151116247339904,0,5729.48357340105,0.21724323264207,0.356079587493719,0.385225230620528
0.393416296763265,0.0250884241063217,0,0.000599457330479074,0.367728415326464,0,5723.6528136788,0.216702932950292,0.355350951660297,0.385185815647583
0.180350076663482,0.00940170930446802,0,1.34291169792755e-06,0.170947024447316,0,5717.82407532618,0.216163980543443,0.354633094541769,0.385146450164446
0.307432129704148,0.0163823299315288,0.238862756777288,1.3517680108821e-06,0.0521856912273198,0,5711.99736485328,0.2108491118485,0.353913602604838,0.385105800591307
0.508727811677933,0.0325036226323438,0.473270778942444,4.71461166006093e-06,0.00294869549148581,0,5706.17271977436,0.200859298058975,0.353187107999506,0.385063311167377
0.158798524534689,0.00904709706288041,0,0.000268516920559712,0.149482910551249,0,5700.35019054203,0.200359750076693,0.352474755318514,0.385021366162838
0.357787973421294,0.0207401209308212,0.319058095862159,1.00242715151033e-06,0.0179887542011624,0,5694.52977230655,0.193480280595904,0.351758209608008,0.384977855316614
0.294171562312459,0.0227307661702938,0.271440078293622,7.1784854262269e-07,0,0,5688.7115092469,0.187579088285616,0.351042208181747,0.38493336350516
0.40287353485286,0.0283522246738455,0.371528966199301,4.90113208091886e-06,0.00298744284763212,0,5682.89543200583,0.17968198724178,0.350324871714224,0.384887667993333
0.462995688669858,0.0374270055355218,0.425567267912583,1.4152217539401e-06,0,0,5677.08157643628,0.170740903934051,0.349604176909417,0.384840551021127
0.557032829923456,0.0564248331509699,0.500607996772487,0,0,0,5671.2699834837,0.16030409810957,0.34887471126948,0.384791384550277
0.64448024345188,0.0759179948849638,0.568560065001071,2.18356584472622e-06,0,0,5665.46070870306,0.148559853343623,0.348136139018363,0.384740115725389
0.630884963837859,0.0840830228206644,0.546801941017195,0,0,0,5659.65380890734,0.137254334565768,0.347394493640002,0.384687437882345
0.592622605325098,0.0739007601881685,0.51872184513693,0,0,0,5653.84932485556,0.126538536685819,0.346659672154207,0.384634510351593
0.69912354112366,0.113433651474099,0.58568988964956,0,0,0,5648.04727045033,0.114510028212118,0.345905074042959,0.384578170325478
0.610318715361122,0.125372086018248,0.484832876626902,0.000113752715972666,0,0,5642.24773300653,0.10578789310023,0.345145464407,0.38452014282701
0.116115258927871,0.0203634995242676,0.0953892253165498,0.000362534087053635,0,0,5636.45075984573,0.107573698671826,0.344443535533079,0.384467988452736
0.438154203122548,0.0707579819117899,0.367297542454806,9.86787559514451e-05,0,0,5630.65622297496,0.101022154183013,0.343717072743303,0.384411732288015
0.449049482770858,0.0774209504876311,0.371615536501567,1.29957816604742e-05,0,0,5624.86422583657,0.0934748303502974,0.342988771145917,0.384354175988237
0.0894583685997382,0.00288385212389703,0,0.0131256911699767,0.0734488253058644,0,5619.07480691568,0.0932423540602281,0.342301645846212,0.384300665355743
0.417391543886829,0.034086930756287,0,0.00021022189301305,0.383094391237529,0,5613.28788078045,0.093010455647116,0.341600050421061,0.384244296972761
0.735387092077051,0.0837251470157404,0,0,0.65166194506131,0,5607.50352215247,0.206833307820485,0.340874334870595,0.384183805560818
0.490581939298815,0.0553918181265742,0.43515481117876,3.53099934804287e-05,0,0,5601.72183511083,0.197951200070005,0.340175603571748,0.384124354292496
0.951995412407203,0.124006037461462,0.827976429916271,1.2945029470135e-05,0,0,5595.94280404993,0.181019477639133,0.339442108732238,0.384059464334576
0.504588211297242,0.0504761658321485,0.454111088418711,9.57046382711554e-07,0,0,5590.16656360874,0.17149572862483,0.338748163824812,0.383998682096402
0.653815859490469,0.0679453254227402,0.584048840963808,4.0965322610316e-06,0.00181759657165952,0,5584.39302714914,0.159388226787814,0.338046360988995,0.383935906243024
0.694071548416774,0.0635285596745809,0,0.00435358328779122,0.626189405454402,0,5578.62224953746,0.158991815768881,0.337348004941725,0.383872617309553
0.224244749876316,0.0181868795958759,0,0.000204317179985648,0.205853553100455,0,5572.8542513601,0.158596394263482,0.336675492848715,0.383811646039639
0.566485980896865,0.0474657557281672,0,0,0.519020225168698,0,5567.0889876543,0.158201953876431,0.335989684715113,0.383747884459202
0.814056071408239,0.104261737893672,0.105333772767572,0,0.604460560746996,0,5561.32653189216,0.155701814556816,0.335276324484819,0.383679380372135
1.04625695566745,0.221232141969367,0.82502032479666,4.48890142544537e-06,0,0,5555.56700279825,0.138848384992814,0.334504103792513,0.383601843207744
0.807014226506105,0.17508988341209,0.631924318422415,2.46716006027028e-08,0,0,5549.81061849327,0.125864750744127,0.333756941636387,0.383526611896341
0.54197249817415,0.124976246956635,0.416993896460967,2.35475654856354e-06,0,0,5544.05733438229,0.117228836977377,0.333037052035475,0.383454038363223
0,0,0,0,0,0,5538.30709779953,0.200666069951098,0.332383357059151,0.383389538014058
0.796205383223823,0.124575092343915,0.671626477423736,3.81345617193045e-06,0,0,5532.55973074278,0.186760255727963,0.331674416781912,0.383315382310662
1.05077295697496,0.184570008976794,0.866201599499385,1.34849877696897e-06,0,0,5526.81546591609,0.168980508059406,0.330935582659878,0.383236073915227
1.05072031249447,0.19477686967621,0.855913797738836,2.96450794192715e-05,0,0,5521.0744316976,0.151628514555014,0.33019235473574,0.383155142693787
0.654009060550619,0.147166560101506,0.506833902199598,8.59824951504608e-06,0,0,5515.33667472558,0.14116699904929,0.32947449339143,0.383076795834679
0.988550232769654,0.304137538627608,0.684388352254985,2.43418870613521e-05,0,0,5509.60214427081,0.127271286996599,0.328677560028533,0.382986090579536
0.862065252672831,0.251654169889149,0.610408099804594,2.98297908856737e-06,0,0,5503.87113558925,0.114763573480625,0.327908973221081,0.382898263178428
0.902827157229677,0.318772264364541,0.584054892865136,0,0,0,5498.14359117197,0.102797045430374,0.327107606579793,0.38280451115399
0.509569024322656,0.20438400563823,0.305183399653132,1.61903129387397e-06,0,0,5492.41965731517,0.0964463829786251,0.326366187116496,0.382718304991886
0.886965814400209,0.358223223373657,0.528739301102683,3.28992386855553e-06,0,0,5486.69916857851,0.085648707059094,0.325548453893302,0.382619648844732
0.521220641527415,0.171988224258709,0.341748353695308,0.00748406357339815,0,0,5480.98242232803,0.115883055697479,0.324827038735323,0.382534046326938
0.622331510370175,0.203562212812568,0.418763070313384,6.22724422327802e-06,0,0,5475.26912579519,0.107249558182993,0.324094543702325,0.382445200273039
0.91649211008726,0.38368417694303,0.532798760865419,9.17227881092369e-06,0,0,5469.55936342944,0.0963695529084516,0.323272736034452,0.38234170248417
0.694384876969059,0.282307466923794,0.412055000059355,2.24099859103601e-05,0,0,5463.85348354718,0.0879898322282629,0.322503927520843,0.382244962859
0.874133619466181,0.414801889656822,0.459331729809358,0,0,0,5458.15133917843,0.0785843596136827,0.321670381868485,0.382137017472119
0.55706754625042,0.282842038041355,0.27155694333347,0.00266856487559531,0,0,5452.45319888211,0.0842762550713284,0.320905136119067,0.382038287688521
0.545586547186569,0.292457257308513,0.253060942536255,6.83473418007735e-05,0,0,5446.7588589646,0.0792869517233844,0.320138125719899,0.381937874430564
0.850366672203584,0.502459135298733,0.347751913960463,0.000155622944388714,0,0,5441.06836787433,0.0727569800563338,0.3192684461558,0.3818199503912
0.713743378360213,0.399935428302678,0.313794723596652,1.32264608826742e-05,0,0,5435.38213990749,0.0663515179807151,0.318452430170579,0.381709010521584
0.78167215528972,0.468441322119805,0.313221886722797,8.94644711846302e-06,0,0,5429.70002305497,0.059955855840952,0.317604708931047,0.381591551499085
1.04277625659665,0.7104515341708,0.332317785505017,6.93692082968766e-06,0,0,5424.02217748525,0.0531858862729674,0.316639623470255,0.381453496885427
1.08804470978907,0.785316263382634,0.302698392714316,3.00536921172823e-05,0,0,5418.34908850469,0.0471072236729909,0.315640816575942,0.381307964385369
0.902791909487786,0.658800747275683,0.24295382066697,0.00103734154513325,0,0,5412.68093809629,0.0457494636089127,0.314707865479323,0.381171272188861
0.734664095994812,0.540308746470554,0.19435036697733,4.98254692804711e-06,0,0,5407.01753130451,0.0417656224117679,0.313836611702838,0.381043006688488
1.03595113010453,0.816113410640276,0.219824883166793,1.28362974572766e-05,0,0,5401.35868293826,0.0373078506561603,0.312833213788593,0.380890712989433
1.21178163496343,0.989207765265795,0.222535735270884,3.8134426746771e-05,0,0,5395.70495724753,0.0328876422520358,0.311749103121408,0.380722444436874
0.839669899452336,0.658459094808061,0.178248327130081,0.00296247751419295,0,0,5390.05673217254,0.0385781667238825,0.310830279818205,0.380580264211201
0.820764259820148,0.511279023951513,0.295033250401412,0.0144519854672227,0,0,5384.41341473955,0.0770149491250751,0.309986914247011,0.38044926409663
0.482578816214371,0.155809104935414,0.276416924473035,0.0503527868059217,0,0,5378.7747564922,0.222400401652809,0.309321879530399,0.380347486111642
0.304725270486885,0.108934609998082,0.189162974015061,0.00662768647374212,0,0,5373.1400930293,0.237487968309326,0.3086940100099,0.380249003329237
1.64279078951389,0.684085617275395,0.958702588575018,2.58366347760662e-06,0,0,5367.50935850145,0.217730339984602,0.307792340089506,0.380100293079881
0.969864451124311,0.416252564705012,0.553340271278333,0.000271615140965315,0,0,5361.88372150883,0.206882320716324,0.307021145644926,0.379973543815762
1.67284960439063,0.781400635859576,0.89138766640918,6.13021218783697e-05,0,0,5356.26268528218,0.18870768706439,0.306076841737554,0.379813966031788
1.9234976898214,0.959350294716052,0.964102864278048,4.45308273024486e-05,0,0,5350.64701659194,0.169075976627155,0.30504988766958,0.379637350342947
1.13873050269093,0.598547836658361,0.539880454426422,0.000302211606151228,0,0,5345.03711762876,0.158657655478419,0.304197437895278,0.379491059929325
2.41187810254169,1.45066549101926,0.961197932545862,1.46789765614876e-05,0,0,5339.43229888648,0.13907716412623,0.302943058776499,0.379267644437394
1.44945048783155,0.831245322126897,0.607330763554454,0.0108744021502,0,0,5333.83434693688,0.154432861982862,0.30198614193918,0.379097569566477
0.534464711646245,0.245900361189894,0.251117408437223,0.0374469420191273,0,0,5328.24204178764,0.243393893331036,0.301310175840417,0.378979112277314
0.347099258109176,0.169807414334456,0.176466750563072,0.000825093211647313,0,0,5322.65420436553,0.241305719946256,0.300679773187675,0.378866835408548
1.65960774139555,0.852181536517945,0.807102914336906,0.000323290540704495,0,0,5317.07070274883,0.22535253825559,0.299731329288237,0.378691433406597
2.0871996951542,1.17599019641306,0.911202466319082,7.03242205921616e-06,0,0,5311.49300057759,0.206584432149067,0.298634271027299,0.378484747774474
2.55237671199089,1.51188394509801,1.04045699916648,3.57677263992396e-05,0,0,5305.9218273413,0.185346211904533,0.297384541981616,0.378244946329072
1.405501415522,0.773875084617257,0.6088770197487,0.022749311156043,0,0,5300.35795390681,0.226357436442624,0.296481538540838,0.378071921183076
1.10405934991097,0.587236787051838,0.5147240874483,0.00209847541083084,0,0,5294.79985284055,0.220401163369298,0.29567193990324,0.377915207527983
1.63859376338049,0.926019597439702,0.711969295083264,0.000604870857523767,0,0,5289.24715878383,0.207012640317964,0.294708952854399,0.377725241185273
1.93466607493338,1.06341183818795,0.87125423674543,0,0,0,5283.70064627428,0.189072359752318,0.293686006815298,0.377520633350001
2.31557390986419,1.37834248132023,0.937231428543959,0,0,0,5278.1606613282,0.169857180531478,0.292522326391035,0.377283980543191
2.38743412851401,1.53730482528686,0.850121791825497,7.51140165496848e-06,0,0,5272.62794949139,0.152448960823264,0.291290673243398,0.377029696950326
2.63664901422851,1.80426164042709,0.832372054464942,1.53193364748567e-05,0,0,5267.10292434493,0.135456331027533,0.28994333363088,0.376746781792153
2.81247890819508,2.01602906151195,0.796449846683125,0,0,0,5261.58625154058,0.119190320108447,0.288507098894888,0.376439956321166
3.02613848389772,2.00637908342585,0.999074948586923,0.0206844518849473,0,0,5256.07848744724,0.144774982945501,0.287612265978098,0.375911419797942
2.52744535888349,1.70006785090007,0.821872956399308,0.00550455158410677,0,0,5250.58472469892,0.140150551985824,0.286858628968752,0.375413506025272
1.91529357935844,1.3402724496717,0.57502099578933,1.33897408716167e-07,0,0,5245.10426112329,0.128301762082771,0.286266486782366,0.374951972554022
2.43875114917842,1.76033158377635,0.678419565402073,0,0,0,5239.63626428286,0.114414186553026,0.285486810894976,0.374448297843832
2.67881879686896,2.01178903338555,0.667029763483413,0,0,0,5234.18170102542,0.100788977604856,0.284595585343837,0.373919156751011
2.01298975812795,1.55611222705138,0.456179971507896,0.000697559568672089,0,0,5228.74115450093,0.0929414448805557,0.283907537513735,0.373436242744478
1.95212891495546,1.52733483239185,0.424794082563611,0,0,0,5223.31356760781,0.0842143961510481,0.283232655366333,0.372956448531075
2.25041450369768,1.8073936264913,0.443020877206377,0,0,0,5217.89887045302,0.0751445215383281,0.282434154430365,0.372448167411213
2.14379452363305,1.74428727387116,0.399491863844312,1.53859175836999e-05,0,0,5212.49771487664,0.0670015761905574,0.281664372703634,0.371946359692836
2.1015662852241,1.74806969467828,0.353496590545818,0,0,0,5207.10995357729,0.0597650050094354,0.280893720349294,0.371444197027763
1.62546482494425,1.38182382435048,0.243632496639026,8.50395474846269e-06,0,0,5201.73559526837,0.0547624994579643,0.280285044691753,0.370979968707245
1.2779369216432,1.10251538951216,0.175421532131038,0,0,0,5196.37377623818,0.0511178711855115,0.279799426764904,0.370544988598632
2.6576758737341,2.26954839584125,0.38446000338614,0.00366747450670779,0,0,5191.02383248715,0.0514506478243016,0.278801644670086,0.369989189487652
0.29437031009706,0.156160724744849,0.0924324535628707,0.0457771317893407,0,0,5185.68851647393,0.151493491346455,0.278731736207229,0.369653545652377
1.64216764767222,1.13734178979001,0.504425695300133,0.000400162582076319,0,0,5180.36282003027,0.141922542505551,0.278240536407243,0.369216091771657
2.95285702944878,2.09734929180365,0.855492683608535,1.50540365895236e-05,0,0,5175.04906377093,0.124493506102694,0.277328741145156,0.368678825801051
2.802823464964,2.03387822946966,0.768945227843422,7.65091808651592e-09,0,0,5169.74951797994,0.108804897598599,0.276445544710153,0.36814792347149
2.55861815210476,1.90014376087795,0.65846699404655,7.39718025941239e-06,0,0,5164.46403731898,0.095381923360142,0.275621461703873,0.367630871864326
1.11261836639153,0.857359344817289,0.255251746731357,7.27484288436745e-06,0,0,5159.19230696632,0.0900565558475698,0.275251203550805,0.367223938504525
2.45456159020733,1.91489657749897,0.539602093855877,6.29188524830689e-05,0,0,5153.9318306189,0.0791881493087959,0.274421270157153,0.366705626697891
2.61017832622347,2.07856478371936,0.53159924873309,1.42937710147744e-05,0,0,5148.68513559086,0.068393083900444,0.273521406450933,0.366169808597463
2.65670002569389,2.18003438219411,0.47665858156051,7.06193927326115e-06,0,0,5143.45261798892,0.0587067162360626,0.272579134832867,0.365622877927521
2.65905198401784,2.24090007124885,0.418151912768988,0,0,0,5138.2345282457,0.0501976695785714,0.271612477262076,0.365069022856819
1.66380603778423,1.43107802477262,0.232721023717818,6.98929379116864e-06,0,0,5133.03102143837,0.045435490567975,0.270995971626718,0.364601895880738
0.579632950330659,0.376294917964835,0.171801285217022,0.0315367471488021,0,0,5127.84013677767,0.119824045763554,0.270832584089195,0.364248849424262
2.77156162099933,1.96707551598107,0.804426042450668,6.00625675910874e-05,0,0,5122.65930040201,0.103587503737415,0.269992500712894,0.363724739182331
2.7389499309358,2.00973903140221,0.729207482292533,3.41724106368079e-06,0,0,5117.49237798929,0.088754316861911,0.269134821600658,0.363195827488428
2.62948224011695,1.99196723635314,0.636421229210816,0.00109377455299686,0,0,5112.33947722332,0.0785998744472625,0.26828565646811,0.362668620594727
2.4567717560258,1.91272692947964,0.542594498224412,0.00145032832174863,0,0,5107.20055889666,0.0713006293181178,0.267471542577576,0.362149850614706
2.47807878584393,1.98176450843686,0.496243318748177,7.09586588923052e-05,0,0,5102.07543230654,0.0613839295631956,0.266629403740402,0.36162337414841
2.92638420634471,1.67165294989376,1.19240628693696,0.0623249695139933,0,0,5096.96427039651,0.202217868654484,0.265920082642851,0.361130816017829
2.65972989110677,1.55648400471436,1.10253207800009,0.000713808392314679,0,0,5091.86630983542,0.181563750081509,0.265272962858083,0.360651025429528
3.22775357419424,1.93744392951506,1.29028094466462,2.87000145644885e-05,0,0,5086.78126434459,0.155382943733645,0.264464197550313,0.360129237058689
3.46828856645647,2.19182429709688,1.27636405064609,0.000100218713508091,0,0,5081.71007791477,0.129739166451985,0.263547937355918,0.35957903887177
3.23894941248073,2.17105516971989,1.06760565634771,0.000288586413122181,0,0,5076.65338724362,0.108847661876365,0.262640917579989,0.359030738544169
2.751686090467,1.9320660881812,0.819638018858566,-1.80165727670101e-05,0,0,5071.61114786814,0.0921841325506822,0.261834925433609,0.358508825511021
1.59814701846348,1.17578297815038,0.422364040313101,0,0,0,5066.58276682036,0.0835075673024365,0.261345675233954,0.358071847392009
0.783463728641083,0.576127090021347,0.204277965669866,0.00305867294987074,0,0,5061.56634194489,0.0876857197040795,0.261106619018186,0.357702798553656
1.95600464928125,1.46034960894194,0.495280022071629,0.000375018267682491,0,0,5056.5603558649,0.0786077367042127,0.26049853025415,0.357234620163758
2.72563934153621,2.09557925240088,0.630053995458393,6.09367693504923e-06,0,0,5051.56703032684,0.0658280685091931,0.259625692572144,0.35669490510706
2.94815572080378,2.34843667258317,0.599700521286835,1.8526933778256e-05,0,0,5046.58796522002,0.0537215923911501,0.258649077369592,0.356126173853951
2.43150576980336,2.00009064301269,0.431312554153717,0.000102572636951149,0,0,5041.62380676467,0.0452444036251946,0.257819090856872,0.355596519575467
2.47822682640479,2.0817016837272,0.396067294788136,0.000457847889457241,0,0,5036.67368018191,0.0384673780212354,0.256956861641995,0.355057279849977
2.17613303223704,1.85905743820173,0.317010244111636,6.53499236795696e-05,0,0,5031.73779788312,0.0322102019374497,0.256188290401092,0.354543298031397
1.90175955863896,1.67040291860417,0.231341434517083,1.5205517707173e-05,0,0,5026.81559544745,0.027544684113848,0.255498623152316,0.354050960936738
2.94775091077995,2.12448904268594,0.7979614965137,0.0253003715803075,0,0,5021.90659032383,0.0801693401016854,0.254623611814771,0.353506131668977
2.68334635104276,1.53734336033185,1.09896368416871,0.0470393065421943,0,0,5017.01195043648,0.185142524657578,0.253995979615161,0.353029145942914
3.82604278594155,2.26084928530877,1.56518992847047,3.57216230639781e-06,0,0,5012.13016556062,0.153386978070911,0.253082935670407,0.352468021514353
3.19061551299402,2.02630780757087,1.16430119502874,6.51039440196311e-06,0,0,5007.2631055001,0.12973605931069,0.252265603380532,0.351933835177984
3.05717020141674,1.8274130056644,1.21580319078049,0.0139540049718398,0,0,5002.41016943049,0.14066611253408,0.251529269574858,0.351422757925098
2.97250976139012,1.94187307389824,1.02868468757976,0.00195199991211451,0,0,4997.57084304102,0.124625186264399,0.250749247766575,0.350922473726902
2.44566642358364,1.71010234059072,0.735546747974519,1.73350183938937e-05,0,0,4991.11025333257,0.109646752185884,0.250063615869163,0.35049090282134
3.21077567210335,2.33832040242829,0.871411215636157,0.00104405403889739,0,0,4984.91407489676,0.0944634212608097,0.249125167632935,0.349983623441913
3.20523190764272,2.40220912776299,0.799330384273207,0.00369239560652546,0,0,4978.86870050233,0.0869883845409441,0.248163278281961,0.349468018544705
3.13497425440607,2.4012296083699,0.730934160426001,0.00281048561016203,0,0,4972.97801485078,0.0786950979153514,0.247204886662251,0.348951628573294
2.8052394858962,2.23179559075617,0.573438559466457,5.33567357484799e-06,0,0,4967.26979319823,0.0670426463861627,0.246317042752364,0.34845421302097
2.63573567346004,2.13980106186761,0.495914770612793,1.98409796293859e-05,0,0,4961.7161768981,0.0570011388921737,0.245467894544482,0.347966939377354
2.7416600563432,2.32099980452519,0.420660251818008,0,0,0,4956.30266286158,0.0484461670498476,0.244549059365909,0.347457200793145
2.64839162735359,1.60696070077674,0.904234626356543,0.137196300220308,0,0,4945.21287848299,0.314893304890136,0.243914573396378,0.34709832633931
0.655353337664372,0.404383400895439,0.210353354190637,0.0406165825782959,0,0,4934.15453638838,0.310979376146524,0.246568805652164,0.346886090169473
4.08278227079408,2.77426903124453,1.30850459894317,8.64060637572915e-06,0,0,4926.30950454546,0.215319040008426,0.247848713790063,0.346362559759848
4.33009897808495,2.94579212745485,1.3843023609354,4.48969469558945e-06,0,0,4919.14694831764,0.187104176171927,0.246668946220619,0.345819150982203
4.19995165632433,2.86415600227067,1.33578651402168,9.14003197320486e-06,0,0,4912.53425091557,0.159939110987787,0.245525750474739,0.345279063683996
3.3517726095369,2.40688657029807,0.944876544983294,9.49425553658012e-06,0,0,4906.24877260292,0.140660527266332,0.244569274655103,0.344788500512672
3.31510157662905,2.4826749348248,0.832417078744754,9.56305950009904e-06,0,0,4900.26676802678,0.123678907610587,0.243584772368789,0.344286186517809
1.18762289057317,0.925241578002801,0.261808770583178,0.000572541987187591,0,0,4894.25185881509,0.119115729039038,0.243222258379225,0.343967027801041
3.22569283798221,2.59698711074815,0.628705727234056,0,0,0,4888.59832316736,0.106245220570665,0.242195581915054,0.343449322279013
1.82490413569368,1.04476065446019,0.443117178,0.337026303233494,0,0,4874.27028425064,0.376867065192526,0.250955915812853,0.343234157030129
3.05159553067724,2.30212933610133,0.73287759331024,0.0165886012656714,0,0,4865.03724700699,0.278704169992408,0.253765589145393,0.3428226948411
3.23217747458234,2.46370642291146,0.768057326484596,0.000413725186284352,0,0,4856.40409407191,0.263282302928809,0.252733256284865,0.342395258162794
3.55095906212326,2.71127287236695,0.813767227429698,0.0259189623266139,0,0,4847.26470230033,0.285240874456976,0.25159889338386,0.341949759718897
3.59873463910737,2.81741892383547,0.775000466180302,0.0063152490916008,0,0,4838.49603703796,0.278259746162901,0.250427023175533,0.341489202876736
3.38898822188636,2.66888461229058,0.71994075661771,0.000162852978071725,0,0,4830.24234833935,0.263396380265294,0.249322948155474,0.341038174936076
3.09725578051247,2.46691586273493,0.624626618192104,0.00571329958543667,0,0,4822.19084019695,0.258191706180236,0.248307409734797,0.340606637461466
4.67990121710166,3.74920657227762,0.93066349750508,3.11473189640309e-05,0,0,4814.97467547082,0.238973555640782,0.246761300790197,0.340028325473232
2.42168335569475,1.94543021724722,0.443262642744731,0.0329904957028041,0,0,4806.62454501671,0.273262458996333,0.245971178581388,0.339658265323586
4.05727514723236,3.29928802286548,0.756437479600255,0.00154964476661834,0,0,4799.06588010208,0.259456633261625,0.244628029102708,0.339133179706402
0,0,0,0,0,0,4783.65628686704,0.385354719254064,0.265399472015989,0.339076563975436
4.80416309530416,4.00990743002339,0.794242130820998,1.35344597718863e-05,0,0,4775.33208693147,0.273704889547661,0.266849378382238,0.338567201747674
4.81403006414327,4.02657264663626,0.787429378392403,2.80391146059853e-05,0,0,4767.5945386321,0.257304082948048,0.264996157865655,0.338057514115164
4.47732208418488,3.76761291116543,0.707427319842474,0.00228185317698372,0,0,4760.23195291209,0.245253453640803,0.263273962442895,0.337563154594127
4.27408967701441,3.6156555167321,0.657029313397679,0.00140484688462873,0,0,4753.22793345824,0.23316234010792,0.261631685571447,0.337075529827306
4.07480137513247,3.44575277628606,0.614541803662867,0.0145067951835391,0,0,4746.21260054841,0.237206762530895,0.260076172538605,0.336602131500883
4.46837352352106,3.80274612888027,0.665605380756519,2.20138842738209e-05,0,0,4739.68307327505,0.223326663993188,0.258368748773127,0.336088463373551
4.24577433375765,3.62591178902667,0.619855098971284,7.44575969976371e-06,0,0,4733.45370858553,0.210379997056501,0.256751285158371,0.335584649689236
4.04660094089496,3.47695311701545,0.569579862903301,6.79609762161115e-05,0,0,4727.48309820828,0.19853906719373,0.255209804709471,0.335089155437706
4.52044904182125,3.88356858601941,0.636887071193459,-6.61539161228575e-06,0,0,4721.90907325814,0.185305736513587,0.253496338502817,0.334548728264744
4.4429486469393,3.80983707020288,0.633087948387716,2.36283487103365e-05,0,0,4716.58942225987,0.172207514630515,0.251826458960736,0.334009192741888
4.225936636186,3.64485528836329,0.581065622027853,1.572579485671e-05,0,0,4711.46701907286,0.160173911139173,0.250239453418212,0.333480204561785
4.64899763405294,3.16248452089336,0.592345826017963,0.894167287141618,0,0.187398133354546,4699.13039354345,0.373738886979194,0.273860581872019,0.333181143209726
0.53855566917833,0.425198316056401,0.0646842459692247,0.0486731071527036,0,0,4689.62404913374,0.293226873910395,0.278163035941455,0.333040901850933
3.46371372163552,3.05103424546186,0.412671269640351,8.2065333112853e-06,0,0,4682.8902645094,0.22132153932069,0.278835199992521,0.33266932162511
5.02514073533287,4.41883787812355,0.606229788204146,7.30690051803935e-05,0,0,4676.8390446803,0.20872043984918,0.276642832220239,0.332194123186265
3.02664894851909,2.50133703587366,0.346105972028652,0.179205940616781,0,0,4664.20980808315,0.378546395970127,0.275712232340701,0.331966117875763
3.33680698075233,2.94162097813252,0.378474290698095,0.0167117119217178,0,0,4656.1230752171,0.285173822889896,0.277802246263824,0.331630379503453
3.43244906752467,3.03984107652379,0.392412536612944,0.000195454387941629,0,0,4648.41109099951,0.276812844335651,0.276304629289891,0.331288011312026
4.38742050865018,3.84212733461196,0.495453019487628,0.0498401545506017,0,0,4639.89027705464,0.31751480529967,0.274415281334024,0.330903140088751
3.78656819538882,3.31900014151508,0.425287769485898,0.0422802843878456,0,0,4632.39037266712,0.280838680181408,0.275244411097263,0.33053630836732
2.83356486013483,2.22759728706434,0.315161391111543,0.290806181958941,0,0,4619.80095957414,0.378987768207795,0.280832363162848,0.330352556647745
1.82361219570825,1.22621603360499,0.198921980812171,0.398474181291081,0,0,4610.58157538305,0.288611900419538,0.297309957732721,0.330186522803156
0.78760782543657,0.539215578903235,0.0852456803317793,0.163146566201556,0,0,4595.17714433533,0.38357515977014,0.298922659250657,0.330403023010865
4.14439509812076,3.68579961845623,0.458512762910361,8.27167541724913e-05,0,0,4587.15439616041,0.279375965419578,0.299658344925819,0.330317278583457
1.71970051526191,1.48586492918319,0.192704496049739,0.0411310900289764,0,0,4576.94433646324,0.317223823985499,0.298315801027272,0.33039374105791
1.57575350486589,1.39784387762265,0.17790156511165,8.06213158994495e-06,0,0,4569.32114370312,0.242075903107943,0.299472297237237,0.330426272938777
4.37916108092386,3.8695374233693,0.509599610362134,2.40471924286269e-05,0,0,4562.81972784333,0.23130441705853,0.296845772698146,0.330308430791164
4.14614106058596,3.64606607442382,0.500066690315558,8.29584658604619e-06,0,0,4556.58746955831,0.220734471412695,0.294360115584033,0.330190940726843
4.25742506797172,3.7364236530768,0.520985584293623,1.58306013002321e-05,0,0,4550.70052298778,0.209780705786766,0.291846405392489,0.330055593729036
3.04676900472411,2.32628777839364,0.360849271417565,0.359631954912914,0,0,4537.55217854667,0.37825199117558,0.297181760888301,0.3301373187582
1.33808814726334,0.675186743806253,0.153662621099016,0.509238782358074,0,0.0153881338387716,4527.58266224316,0.289790873823234,0.317971710699588,0.330261323955453
1.17389356306815,0.965851571732481,0.135621729426043,0.0724202619096253,0,0,4517.12265355664,0.302541867550884,0.318964719590326,0.330407244861951
1.53484062045445,0.81498718895057,0.176354263400016,0.543499168103863,0,0.763345062286251,4504.78731936202,0.315769910180639,0.337080732437674,0.330601615522203
3.87176171888398,3.40222390992117,0.469507012651313,3.07963115011327e-05,0,0,4496.98688610333,0.235303483127311,0.336867186964227,0.330641534356006
2.22208390735279,1.93157769112803,0.290476147544046,3.00686807143713e-05,0,0,4489.04543464058,0.228941330090274,0.335083031677252,0.330737422394663
2.14854891227631,1.85560314870666,0.292945763568659,9.94829759410199e-13,0,0,4481.35072751742,0.22251233848406,0.333351678784376,0.330828466372597
3.73075629666294,3.2097396084013,0.51668396103172,0.00433272722991873,0,0,4474.30142821681,0.216547195893447,0.330842132053133,0.330854192453226
1.75874469075399,1.18588605274452,0.239691569803549,0.333167068205926,0,0.0239651734002541,4455.83931467127,0.380664399871851,0.336861870472743,0.331166454418629
1.81208201185839,1.54363603138049,0.255345373680188,0.0131006067977139,0,0,4445.61541800015,0.286865904219853,0.338868860216775,0.331320492093937
3.75736177464886,3.2152496264101,0.542112148238759,0,0,0,4436.68318688622,0.27530746848593,0.336328507231499,0.331395801317613
3.94233091016356,3.35624904830334,0.586067716427377,1.41454328404365e-05,0,0,4428.43673987697,0.262915789905395,0.33372110626502,0.331448087675339
3.67217633595183,3.10172535257899,0.56021052326108,0.0102404601117545,0,0,4420.2385812143,0.263477755743219,0.331277523941682,0.331503254783556
2.57325565395132,2.09724030595853,0.395955449519964,0.0800598984728291,0,0,4406.85423367886,0.353631715725421,0.329430036643171,0.331687806487599
3.23684714810901,2.68643698559865,0.510079817769649,0.0403303447407097,0,0,4397.59534893008,0.291571289326275,0.330761269375978,0.331770512360942
2.87266373582096,2.35571210274527,0.461392819738584,0.0555588133371109,0,0,4388.28986896319,0.290090816876742,0.330921945712127,0.331869443437742
2.82708019037829,2.31980358236332,0.47461574467882,0.0326608633361465,0,0,4380.13225291991,0.260344473590665,0.331086163916453,0.331949096719364
2.74937960226563,2.24395704128557,0.472983465178486,0.0324390958015711,0,0,4370.81768162056,0.293085625687485,0.329155710115814,0.332054164676256
2.41375967148623,1.97829054338153,0.433837219476069,0.00163190862863634,0,0,4363.73545342863,0.222991877257093,0.329559851811259,0.332123825818136
2.70801920795428,2.03985618168723,0.491898798891764,0.176264227375285,0,0,4348.47322255384,0.375601604916904,0.330449912939666,0.332348453626051
0.382260843613384,0.105668685531632,0.0699820862845251,0.206610071797227,0,0,4337.62843453342,0.292440360576051,0.342540333540945,0.33256178067393
3.02321031405559,2.42626069802046,0.596402077236851,0.00054753879828627,0,0,4330.53149302239,0.217896019228605,0.342607044932698,0.332643682356575
1.27112713921355,1.00608722870302,0.265028403498997,1.15070115377503e-05,0,0,4323.15086011047,0.21207018365042,0.341341439360279,0.332777738111823
3.24715002232679,2.54241321070838,0.704708671392358,2.81402260491035e-05,0,0,4316.71742521049,0.197490394583053,0.339178905619326,0.33284140994002
2.99384192134715,2.32246291227506,0.671379009072094,0,0,0,4310.57817187795,0.183571180116558,0.337155890439425,0.332902848654344
3.13697149280223,2.42512466828262,0.711830981524574,1.58429950348022e-05,0,0,4304.81643764543,0.168902829567773,0.335082910510465,0.332949947576378
3.33507672755303,2.60018934280204,0.734882123375158,5.26137583385999e-06,0,0,4299.42897078887,0.153793417802693,0.332918673635439,0.332980007311761
2.81384975330036,2.22360378001566,0.589854733693833,0.00039123959086851,0,0,4294.16092752903,0.142271011088799,0.33098335879427,0.333017002570515
2.91760764638029,2.3115776291943,0.606016550941491,1.34662444954804e-05,0,0,4289.15098222265,0.129820041818191,0.329006967676968,0.333042408750571
2.72090249122664,2.04329511421726,0.6574025365979,0.0202048404114885,0,0,4283.79470552169,0.15249241842848,0.327194427099443,0.333080595255986
1.53949967632636,0.978380092229843,0.432387274952616,0.128732309143903,0,0,4268.72409978014,0.376970071615217,0.326155779908321,0.333340130423044
0.621486818096994,0.402349425718524,0.188950910998183,0.030186481380287,0,0,4259.13123536477,0.289557652289235,0.330156816567816,0.333515894033795
1.30204679403453,0.897410008883283,0.401217739398416,0.00341904575283003,0,0,4251.91536913341,0.22583532982306,0.331140369570432,0.333633909015082
2.08012881795319,1.34187871265981,0.660023371441735,0.0782267338516488,0,0,4237.48602682907,0.37223400543264,0.32974723378672,0.333875132936792
0,0,0,0,0,0,4227.1048883026,0.295072779906138,0.338761012089096,0.334085413900787
1.81657982634156,1.14363185476616,0.672947971575408,0,0,0,4220.06409828713,0.217357603667969,0.339629200223915,0.334205606764428
2.11623959277996,1.33853223892527,0.777692549575098,1.48042795887006e-05,0,0,4213.53213568479,0.201296763923295,0.338183067633089,0.334311285567636
1.14739157098775,0.698513529571983,0.44887088846313,7.15295263473477e-06,0,0,4207.00017259691,0.191835567398192,0.337114590834164,0.334435777436338
1.79601586038382,1.08874318048056,0.707265717542779,6.96236048163215e-06,0,0,4200.95607631777,0.177230123088547,0.335822709513177,0.33453648969884
1.57434506026894,0.943326672706835,0.631018387562107,0,0,0,4195.13441794865,0.164168847280893,0.334619297215161,0.334635906342923
2.04406304027218,1.25281329032662,0.791189201385641,6.05485599211805e-05,0,0,4189.72872054408,0.148098029244029,0.33324079872169,0.334715130264146
1.33031490361452,0.800434978668643,0.529689564812966,0.000190360132908232,0,0,4184.3526373977,0.137664555311365,0.332127771242425,0.33480719878697
0.995608101125535,0.60913356915475,0.38617791776784,0.000296614202945218,0,0,4179.04234225448,0.130458470360688,0.331128238656162,0.334903049459793
1.64831440802101,1.04376026949375,0.604546071936781,8.0665904798707e-06,0,0,4174.08360376934,0.118067502418055,0.329882392156095,0.334975622522845
1.514132196333,0.960868023425808,0.552084099651844,0.00118007325534526,0,0,4169.22322453381,0.11044402978747,0.328688179613997,0.335047402387028
1.19245977263354,0.769837097114024,0.422505444266228,0.000117231253288166,0,0,4164.42527764533,0.102102341792479,0.327607305791405,0.335123066983528
1.1211557010463,0.699981096888654,0.421162087501622,1.25166560280297e-05,0,0,4159.72859068255,0.0934677184321452,0.326569733209315,0.335197792498964
1.08498787080457,0.695647844864,0.389332801379716,7.22456085939709e-06,0,0,4155.14298677188,0.0854742008354713,0.325537859298772,0.335269114578652
1.08372838244638,0.71017191348005,0.373544961967757,1.15069985767691e-05,0,0,4150.66658804697,0.0778332974587496,0.324501017825574,0.335336391837673
1.08502423532077,0.722470471425941,0.362542660430131,1.11034647017419e-05,0,0,4146.29218784838,0.0704318451121416,0.323460557506584,0.335399832465776
0.828468776408486,0.555896049884601,0.272568498003234,4.22852065113101e-06,0,0,4141.93748254095,0.0648224641130517,0.322517484603607,0.335467673169902
0.937505742527389,0.633881363215755,0.303620405105201,3.97420643260941e-06,0,0,4137.68889967607,0.0586057819376153,0.321533477718709,0.335529292117305
0.928842303342161,0.646345870466679,0.282496432875482,0,0,0,4133.51813762891,0.0528100973399678,0.320545640874588,0.335587620527985
0.436016948020902,0.301375690687076,0.134095297942282,0.000545959391544398,0,0,4129.25073588361,0.0524756763933244,0.31975437952254,0.335659654315798
0.768200644244483,0.529201581193844,0.238999063050638,0,0,0,4125.12359058177,0.0475651854005818,0.318838296295705,0.335719235133288
0.330735531702564,0.221884208882189,0.108849537935998,1.78488437686487e-06,0,0,4120.92710434101,0.0452785642967876,0.318096638052866,0.335790860216716
0.627317799723586,0.432002475077504,0.195308542855993,6.78179008917391e-06,0,0,4116.85456809669,0.0412938964113751,0.317240130248818,0.335850994661252
0.471875550939413,0.325639319930188,0.146231314771986,4.91623723933189e-06,0,0,4112.78682559373,0.0382922211170861,0.316445411135574,0.335914121580417
0.422829480146809,0.297103286851088,0.125724571563466,1.62173225518047e-06,0,0,4108.74649857295,0.0356912841861927,0.315668940565225,0.335976858876861
0.591076307686688,0.393160143521773,0.19641663178994,0.00149953237497534,0,0,4104.71961792136,0.0401281122823727,0.314841651432091,0.33603455340342
0.185120796518938,0.0990731415326219,0.0826219705662858,0.00342568442002981,0,0,4100.44711009852,0.0576634301785145,0.314180071104537,0.336107710145716
0.334229232595227,0.149882760006783,0.179110877054946,0.00523559553349837,0,0,4095.96255457873,0.0833768630672107,0.31349398892806,0.336182104614844
0.558425837865694,0.247224581291696,0.308993104182134,0.00220815239186477,0,0,4091.4742273508,0.0893894642203326,0.312758671581231,0.336251814211231
0.140962966702883,0.063404216372196,0.0769890854754877,0.000569664855199824,0,0,4086.91210147507,0.0908221064114457,0.31212724270756,0.336329547995424
0.26423397722369,0.122806782862538,0.141387258235251,3.99361259009882e-05,0,0,4082.42108160469,0.0879921532010302,0.311465247407851,0.336402751340503
0.578522385794826,0.280111641137287,0.298402487688367,8.25696917165298e-06,0,0,4078.07518798555,0.0818514443158075,0.310718945144357,0.336465921191404
0.472434965956795,0.239811844057016,0.232398079179592,0.000225042720186614,0,0,4073.76510922207,0.0782570244999314,0.30999659393808,0.336529180886294
0.0585991924753519,0.0075362807002725,0.0365859657486425,0.0144769460264369,0,0,4068.43007662082,0.158094810750827,0.309402889355485,0.336620966267506
0.419136914809669,0.122903462777235,0.296231849778066,1.60225436753758e-06,0,0,4063.26543259878,0.151785760151568,0.308754971018987,0.336703985604071
0.36641039742736,0.0897827329377572,0.276625870489279,1.79400032332566e-06,0,0,4058.18543483989,0.14588541543658,0.308126486591298,0.336786033771736
0.382770297934922,0.108939217830887,0.273826292397229,4.78770680608951e-06,0,0,4053.21215393647,0.140071471652926,0.307489005757542,0.336864514048913
0.442504971248346,0.144572027978172,0.297932943270173,0,0,0,4048.3568068201,0.133764438086956,0.306833686692874,0.336938497950117
0.43857391387816,0.158970625207977,0.279599963300961,3.32536922302128e-06,0,0,4043.60046373507,0.127856850400585,0.306172080672004,0.337009225132553
0.41328358594398,0.154741055311742,0.258537453050984,5.07758125316115e-06,0,0,4038.9256712949,0.122393814702628,0.305514309264818,0.337077819793588
0.465148383568111,0.183834651177946,0.281306874182764,6.85820740095796e-06,0,0,4034.35138366037,0.116497465175213,0.30484246651643,0.337142490149642
0.367081174793186,0.149918907185772,0.217160502948903,1.76465851068739e-06,0,0,4029.82980863744,0.111873182028157,0.304190439437555,0.337206859741346
0.215978754986558,0.0852573901973733,0.130717846696311,3.51809287334024e-06,0,0,4025.32513391955,0.108997565173553,0.303574670582118,0.337272993190932
0.323997817378162,0.14168131827158,0.182312870284755,3.62882182723199e-06,0,0,4020.90759787284,0.105097431489278,0.302930330064641,0.337334309715752
0.318267513093652,0.146885491712953,0.171378380696492,3.64068420698559e-06,0,0,4016.54822034878,0.101425452124016,0.302284862506877,0.337393568654486
0.294662277749651,0.141765734091492,0.152887223991378,9.31966678095354e-06,0,0,4012.2367252031,0.0981581836538197,0.301643798043191,0.337451423288275
0.391466468604367,0.200893250537608,0.190565662580793,7.55548596611098e-06,0,0,4008.01185678603,0.0941368163480535,0.300973005156904,0.337504285924209
0.179110976751153,0.0868749444059006,0.0922263970652485,9.63528000355904e-06,0,0,4003.76645071172,0.0921009180989517,0.300364454907165,0.337561890582341
0.181892809426903,0.0846999768182692,0.0971869846105841,5.8479980494796e-06,0,0,3999.55690300307,0.0899536554797582,0.299758694565591,0.337618251101142
0.171262709610303,0.0793481922691678,0.0919145173411353,0,0,0,3995.38031404313,0.0878916450824221,0.299157378429246,0.337673572746018
0.210771314850404,0.113756038070414,0.0970052206414432,1.00561385470515e-05,0,0,3991.25714815963,0.0857756770778891,0.298539529034742,0.337725672552231
0.120163951160272,0.0609997212458595,0.059164229914413,0,0,0,3987.13581708556,0.0843790636492315,0.297951117823023,0.337779478068142
0.179161353532728,0.0932621171864431,0.0858992363462851,0,0,0,3983.06439711575,0.0824512232148872,0.297347369560466,0.337830234340426
0.120160959692257,0.0570053155834832,0.0631514839355961,4.1601731772527e-06,0,0,3979.0028925564,0.0810002158468921,0.296764253780319,0.337881829184335
0.0661051207277032,0.0285769375750225,0.0375239766275712,4.20652510951625e-06,0,0,3974.95023709894,0.0800653667311806,0.296197580503121,0.337933959820199
0.107305179968983,0.0475588762047333,0.0597420508872083,4.25287704177979e-06,0,0,3970.93485307394,0.0786884800510528,0.295622541549417,0.337983914246649
0.123786854171406,0.061961363370548,0.0618126153801328,1.28754207253801e-05,0,0,3966.95433034725,0.0773076772803504,0.295041546004148,0.338031939266424
0.163861140103244,0.0856550821254331,0.0782060579778106,0,0,0,3963.01672592903,0.0755512876207977,0.294449808855452,0.338077437081265
0.0416513818545279,0.0234690519665228,0.0181801480642223,2.18182378285659e-06,0,0,3959.06572980887,0.0750082647349295,0.29389193478908,0.33812550245752
0.127845341030824,0.0724522514759037,0.0553908064780981,2.28307682193174e-06,0,0,3955.16683408027,0.0737226748449093,0.293310236229834,0.338169698334883
0.160522344465957,0.0931961618357126,0.0673217224950081,4.46013523623678e-06,0,0,3951.30688002338,0.0722098457417046,0.292719411835741,0.338211574146888
0.0104156336605694,0.00543125041307682,0.00497983045643058,4.5527910620314e-06,0,0,3947.41633217415,0.0719477836424274,0.292175468635912,0.338257610100726
0.129210605656786,0.0696101144160092,0.0596004912407771,0,0,0,3943.5867699157,0.070576835880456,0.291599995626752,0.338298874234674
0.082854831916046,0.0448713002015429,0.0379835317145031,0,0,0,3939.76597926099,0.0696416370968855,0.291038790792302,0.338340580065401
0.0207886808467561,0.0110077250807526,0.00977389474918828,7.06101681525517e-06,0,0,3935.94373512597,0.0692986843366008,0.290496474747009,0.338383389973283
0.0770081925550735,0.0390854736980531,0.0379108175221609,1.19013348594592e-05,0,0,3932.15866228164,0.0684110344393337,0.289941286809604,0.338423600209855
0.0823074358102662,0.0427795659785091,0.0395160354231345,1.18344086225418e-05,0,0,3928.39743038927,0.0674931340176308,0.289385721966567,0.338462630009924
0.0306486628813264,0.0158628842863902,0.0147857785949362,0,0,0,3924.63737339374,0.0670295597928394,0.2893772237042,0.33828241514957
0.0646667815113332,0.0350711009744732,0.0295932616270037,2.41890985625969e-06,0,0,3920.91489602758,0.0662796426421585,0.289358890335848,0.338101366160161
0.0733705553708506,0.0397622680216318,0.033608287348902,3.16831012041829e-13,0,0,3917.22234034596,0.0654426361441739,0.289338092085444,0.337920335523562
0.0720310010387823,0.039795318059089,0.0322309198616147,4.76311807856078e-06,0,0,3913.55656007992,0.0646522103427662,0.289317196184348,0.337739605175306
0.0505022257349793,0.0307653182277591,0.0197249187375785,1.19887696417642e-05,0,0,3909.91016380577,0.0641394751332122,0.289300833048744,0.337559751025283
0,0,0,0,0,0,3906.2678324164,0.0639973614082313,0.289300131038399,0.337382109601314
0.0543438479798994,0.0293469689788221,0.0249944789133087,2.40008776856638e-06,0,0,3902.6673942595,0.0633467827474031,0.289284421120803,0.337203041746929
0.0774333003514597,0.0435598323222316,0.0338686883639394,4.77966528871042e-06,0,0,3899.1014381134,0.0625288137348148,0.289261382643448,0.337023419787061
0.00147026063565584,0.000851673496097749,0.000604147854428004,1.44392851300916e-05,0,0,3895.53229792917,0.0624126503120523,0.289260107755216,0.336846699837245
0,0,0,0,0,0,3891.98376042992,0.0622744740666511,0.289259258525132,0.336670404218901
0.0042561573887323,0.00234727420169762,0.00189703835300691,1.18448340277695e-05,0,0,3888.45767639154,0.0621242130097902,0.289257195692283,0.336494339622263
0.0117489588632005,0.00632919508724575,0.00541270962645651,7.05414949823183e-06,0,0,3884.9555495476,0.0618869102608146,0.289253079668658,0.336318394444382
0.0260304161678338,0.0147064499565257,0.0113192882312912,4.67798001686457e-06,0,0,3881.48073520679,0.061523565321423,0.289244648343422,0.336142290538458
0,0,0,0,0,0,3878.01827954268,0.0613961787452518,0.289243723196657,0.335967409608166
0.0249690280679845,0.01137023982516,0.0118947719298823,9.26851739434489e-06,0.00169474779554792,0,3874.58485630931,0.0610055881063167,0.289236953977279,0.335792185411253
0.0983169393427137,0.0421252734807315,0.053143838080395,0.00304782778158718,0,0,3871.11868847272,0.0710564627583133,0.289214362801186,0.33561703775136
0,0,0,0,0,0,3867.64950009924,0.0708797420219195,0.289214255847208,0.335444693032139
0,0,0,0,0,0,3864.20177708103,0.0707034607982381,0.289214133739913,0.335272682370024
0,0,0,0,0,0,3860.77544437706,0.0705276179941803,0.289213996517318,0.335101002431327
0,0,0,0,0,0,3857.32897657866,0.07622443890609,0.289213844217345,0.334930547886903
0,0,0,0,0,0,3853.90425433339,0.0760348651720231,0.289214180481303,0.334760410764184
0.0221204603940412,0.0101939392469047,0.0119265211471365,0,0,0,3850.50897084772,0.0756072324099783,0.289209252759856,0.334589958799288
0,0,0,0,0,0,3847.12914307907,0.0754278959733396,0.289209536190484,0.334420412077239
0.0633688691337667,0.0293506919160409,0.0340181772177258,0,0,0,3843.7930596491,0.0745599395002981,0.289194680067641,0.334249369632242
0.0193519816857631,0.00911172020883983,0.0102402614769233,0,0,0,3840.46775464882,0.0741697001548079,0.289190176693051,0.334079775688198
0.0263024724116325,0.0119678499904231,0.0143103830049535,2.42394162558797e-05,0,0,3837.16671304081,0.0737996412343342,0.28918416459058,0.333910292484949
0,0,0,0,0,0,3833.87971662182,0.0736160980851504,0.289184293539667,0.333741800409171
0.00465688118468315,0.000604038745196591,0,3.98235499346768e-06,0.00404886008449309,0,3830.6141607891,0.0734330114119427,0.289184094899726,0.333573570006924
0,0,0,0,0,0,3827.36924521954,0.0732503800882239,0.28918419240805,0.333405667730676
0.0298942454447248,0.0047432391897892,0,3.90459176919357e-06,0.0251471016631664,0,3824.14809722495,0.073068202943237,0.289181823080112,0.333237783392165
0,0,0,0,0,0,3820.92622861606,0.0757343623541573,0.289181889351086,0.333070885937813
0.013915714988606,0.00466509533964906,0.00795719881185624,5.63466644593545e-06,0.00128778617065477,0,3817.72922093886,0.0753868634491465,0.289179771159317,0.332903977812706
0,0,0,0,0,0,3814.5503164605,0.0751993728042989,0.28918003632314,0.332737615078499
0,0,0,0,0,0,3811.39223462505,0.0750123484574281,0.289180285402037,0.332571527135836
0,0,0,0,0,0,3808.25489469058,0.0748257892488293,0.289180518436343,0.332405710991654
