date,Rn,Pa,Prcp,Tavg,VOD,LULC,LAI,VPD,U2,ET_obs,GPP_obs
2010-01-01,12.3437876157407,100.8832265625,0.000119209289550781,-3.53421630859395,0.642644603531533,22,0.259375005960464,0.277263045310974,1.28393419829737,0.4,0.778419804
2010-01-02,14.9524826388889,101.6458125,0.646668660920113,-2.48679199218799,0.64023311762475,22,0.25783203728497,0.154579430818558,1.19531421546191,0.3,0.7367757
2010-01-03,-22.0617303240741,101.272890625,1.00195710547268,-5.71347656249998,0.637821631717968,22,0.256289068609476,0.111077308654785,1.08037313128963,0.4,0.707262612
2010-01-04,-3.31485279224537,102.3236171875,0,-7.425207519531,0.635410145811185,22,0.254746099933982,0.262567460536957,1.35477745373532,0.2,0.586697824
2010-01-05,7.16009693287037,102.4404296875,0.000435113804542198,-8.490972900391,0.632998659904402,22,0.253203131258488,0.230663597583771,1.16096962877435,0.3,0.195350161
2010-01-06,10.6431004050926,102.586953125,0,-7.550299072266,0.63058717399762,22,0.251660162582993,0.242877900600433,0.881101593399874,0.3,-0.011025747
2010-01-07,12.1637890625,102.364265625,0.000852346317969932,-6.92273559570299,0.628175688090837,22,0.250117193907499,0.240831166505814,0.590655471690245,0.3,-0.016069889
2010-01-08,1.579873046875,101.772515625,0,-7.14285888671896,0.625764202184054,22,0.248574225232005,0.232857793569565,0.656927532989468,0.2,0.060789529
2010-01-09,4.60010525173611,102.281984375,0,-5.87869873046896,0.623352716277272,22,0.247031256556511,0.23699976503849,0.600608482802853,0.3,0.824344783
2010-01-10,8.98615162037037,102.4303125,0.00128023589240911,-4.11209716796895,0.620941230370489,22,0.244804693385959,0.261067688465118,0.39443298662808,0.3,0.990620912
2010-01-11,3.2222583912037,102.33978125,0.000435113861385616,-4.957525634766,0.618529744463706,22,0.242578130215407,0.232072368264198,0.65747392211489,0.3,2.779456219
2010-01-12,-1.67217845775463,102.3566328125,0.0207602970476728,-7.77283325195299,0.616118258556924,22,0.240351567044854,0.268627107143402,1.65079098461278,0.4,1.694279131
2010-01-13,9.38331886574074,101.85240625,0,-5.578039550781,0.613706772650141,22,0.238125003874302,0.317523777484894,0.673280911365487,0.3,0.38427566
2010-01-14,15.5563585069444,101.9918359375,0.00128685496747494,-4.270513916016,0.611295286743358,22,0.23589844070375,0.31605464220047,1.00821811396963,0.2,0.878325629
2010-01-15,18.5488396990741,102.7918515625,0.00170706766766671,-4.474279785156,0.608883800836576,22,0.233671877533198,0.29594424366951,1.02919150307155,0.3,0.859906152
2010-01-16,24.680630787037,102.2531796875,0.00257511646850617,-3.731207275391,0.606472314929793,22,0.231445314362645,0.274283230304718,0.525490454676473,0.2,1.42046037
2010-01-17,35.0512008101852,101.8961875,0.000858306350437488,-2.087561035156,0.60406082902301,22,0.229218751192093,0.261959791183472,0.744451171065432,0.2,1.491828108
2010-01-18,59.2849131944444,101.59496875,0.0211000442504883,0.842156982422011,0.597098331195446,22,0.228105470538139,0.261556267738342,0.961645128231115,0.2,1.896771668
2010-01-19,34.9698292824074,101.2197890625,0.000852346317969932,1.18337402343803,0.565230939037333,22,0.226992189884186,0.166684478521347,0.821238993961123,0.3,1.901261954
2010-01-20,22.6615060763889,102.5252578125,0.00464332151750568,-0.498571777343955,0.55071367423341,22,0.225878909230232,0.354590237140656,1.43507909011727,0.2,1.699468511
2010-01-21,18.1566319444444,102.781578125,0,-3.28528442382799,0.541926595924891,22,0.224765628576279,0.340812385082245,0.88167580129278,0.5,0.611785541
2010-01-22,14.1162254050926,102.56040625,0.000852346374813351,-2.28729858398395,0.533139517616373,22,0.223652347922325,0.417608261108398,2.13172861321372,0.2,0.905293297
2010-01-23,20.4978240740741,101.6521484375,0.00127892360524129,-1.35510864257799,0.524352439307855,22,0.222539067268371,0.40686360001564,1.01955158683719,0.9,0.871088626
2010-01-24,-1.01564163773148,101.7362734375,0.000852346317969932,1.12609252929701,0.537136403183862,22,0.221425786614418,0.523079037666321,1.71525634179183,0.5,1.973576806
2010-01-25,14.8622106481481,102.348484375,5.6843418860808e-11,-2.01141967773395,0.556899233648979,22,0.220312505960464,0.355462193489075,1.34963009012393,0.3,1.477852563
2010-01-26,44.3766753472222,101.1625234375,0.00128746012251213,0.195611572266046,0.550920028934756,22,0.220136724412441,0.338026821613312,0.665458086707751,0.4,2.031044812
2010-01-27,38.8201909722222,101.003515625,0.000846385944441863,1.59047851562502,0.556933688265937,22,0.219960942864418,0.330248951911926,0.261024743564714,0.2,2.192335717
2010-01-28,30.2159259259259,101.8676015625,0.00129628142531146,-1.278234863281,0.571160272255049,22,0.219785161316395,0.240623563528061,0.385587866846728,0.2,2.341365167
2010-01-29,47.6059837962963,101.333453125,0.0097785678008222,2.14385375976605,0.580822623693026,22,0.219609379768372,0.456818640232086,0.469894335793533,0.5,2.455013117
2010-01-30,28.5105179398148,101.217328125,0.00257896522271039,1.32131347656201,0.588528875466231,22,0.219433598220348,0.385041028261185,0.532546881206341,0.4,2.44559937
2010-01-31,39.1942679398148,101.5924765625,0.00256895964412251,1.29097900390605,0.59066765491779,22,0.219257816672325,0.397583603858948,1.04481013608398,0.5,1.787484733
2010-02-01,36.5681857638889,101.77865625,0.00213820271710574,-2.22131958007799,0.590159603265616,22,0.219082035124302,0.209170788526535,1.36823157264711,0.4,0.762010004
2010-02-02,31.6593344907407,102.0396328125,0.00560661374038318,-2.55426635742197,0.589651551613441,22,0.218906253576279,0.198181807994843,0.929303671127716,0.3,1.129804793
2010-02-03,37.0774594907407,101.9388515625,0.00384165832656436,-2.13751831054697,0.589143499961266,22,0.219492191448808,0.213758647441864,0.790206445532857,0.5,1.247952013
2010-02-04,51.8694675925926,101.7393515625,0.0327631169056986,-0.471197509766,0.588635448309091,22,0.220078129321337,0.2297602891922,0.7814182115645,0.3,0.777820645
2010-02-05,25.7655295138889,102.166875,0.583661836571991,-1.559973144531,0.595153331756592,22,0.220664067193866,0.203846782445908,1.60310284078163,0.2,0.435364877
2010-02-06,14.4656264467593,101.8645390625,1.97368883527815,-2.610845947266,0.605936961514609,22,0.221250005066395,0.11772358417511,0.857843766343905,0.4,1.459203912
2010-02-07,63.4902546296296,101.1554375,0.0513098566443659,0.179620361328034,0.633419110879794,22,0.221835942938924,0.128010898828506,0.606611808490626,0.2,0.789289663
2010-02-08,31.9229890046296,101.1463828125,0.861483800690621,1.168542480469,0.672033606649755,22,0.222421880811453,0.0827544331550598,0.994565964664963,0.3,0.961331643
2010-02-09,16.7816869212963,101.7513359375,0.358432793291286,-0.0855773925779886,0.633200143064772,22,0.223007818683982,0.212582617998123,1.73826495905577,0.4,1.609828305
2010-02-10,42.5129947916667,102.414484375,0.38300157757476,-0.990698242187989,0.592233957661377,22,0.223593756556511,0.369649350643158,1.74184519876566,0.1,1.269244248
2010-02-11,22.0501273148148,102.8170625,0.000852346374813351,-3.51364746093799,0.592916609330492,22,0.225078130140901,0.306917697191238,0.438288203611375,0.6,0.022840196
2010-02-12,37.2223987268519,102.4301171875,0.000852346317969932,-3.35138549804697,0.593599260999606,22,0.22656250372529,0.3026043176651,1.34301073922931,0.7,1.168604688
2010-02-13,55.8408449074074,102.0091640625,0.00295341010314587,-1.32727661132799,0.594281912668721,22,0.22804687730968,0.249382227659225,1.01976468572912,0.2,1.174106937
2010-02-14,18.613861400463,102.5238359375,0.167121295817196,-2.67099609374998,0.59573293026987,22,0.22953125089407,0.26699435710907,1.38402264635285,0.3,1.552304177
2010-02-15,42.0209953703704,102.603,0.000619888282926695,-2.66477050781197,0.597886920957775,22,0.231015624478459,0.288741111755371,1.18566930611544,0.4,0.645164631
2010-02-16,29.2279253472222,101.921953125,0.000441074377022233,0.910119628906045,0.588829469549787,22,0.232499998062849,0.383223533630371,1.53733071483265,0.2,1.083057074
2010-02-17,42.8018547453704,102.0185390625,0.00299234397971304,-0.398962402343955,0.580238912898316,22,0.233984371647238,0.459482550621033,1.97651255176803,0.2,0.80325364
2010-02-18,48.1932552083333,101.462265625,0.000858604551012832,0.894067382812011,0.572585235319259,22,0.235468745231628,0.469042122364044,1.78433783111862,0.2,0.64950014
2010-02-19,54.6122164351852,100.723546875,0,3.30025634765605,0.569192036179833,22,0.239160150289535,0.47474017739296,1.24016047603676,0.2,1.593682872
2010-02-20,63.3355729166667,100.21896875,0.00128448004943493,4.53960571289105,0.573122242968642,22,0.242851555347442,0.375467747449875,0.190753110300893,0.2,3.143420981
2010-02-21,64.2830439814815,100.7545625,0,5.39055786132803,0.564245407901252,22,0.246542960405349,0.386618196964264,0.602102314951568,0.3,2.685007826
2010-02-22,72.0333275462963,100.5861953125,0,2.83043823242201,0.569956836897825,22,0.250234365463257,0.206054985523224,0.760241531469441,0.2,1.681228757
2010-02-23,79.4928877314815,99.4885390625,0,5.87413940429701,0.572358489994227,22,0.253925770521164,0.258009850978851,0.751884220908904,0.3,3.046209508
2010-02-24,65.6241493055556,99.8303828125,0.0630795984761789,9.13417968750002,0.570145058968442,22,0.257617175579071,0.267516016960144,1.84191037535219,0.1,3.021942063
2010-02-25,15.6678081597222,101.047796875,0.198197027202696,4.76653442382803,0.575855134300648,22,0.261308580636978,0.296266913414001,1.00639580637411,0.3,1.914295919
2010-02-26,65.2222800925926,101.185078125,0.0531960977241397,2.86284790039105,0.573554140289552,22,0.264999985694885,0.370819181203842,1.34505042552715,0.4,2.094518535
2010-02-27,73.5762905092593,100.971,0.00682473182678223,1.91094360351605,0.632759532368812,22,0.272031236439943,0.267728239297867,1.21080712904437,1.1,2.935717309
2010-02-28,8.71482421875,101.6010859375,6.71927910298109,-0.834234619141,0.6485986529048,22,0.279062487185001,0.0953146517276764,1.60752049672292,0.4,1.866739103
2010-03-01,45.4836545138889,101.2849296875,0.10497153562028,-0.779760742187989,0.560285026064661,22,0.286093737930059,0.193718880414963,1.19830312803736,1,2.958364457
2010-03-02,64.4787615740741,101.4832890625,0,4.36782226562502,0.498733813038245,22,0.293124988675118,0.444010615348816,0.864792127661628,1.1,3.303450878
2010-03-03,43.4587413194444,101.1715234375,0.0168055303220171,4.181481933594,0.476647386979827,22,0.300156239420176,0.368130266666412,1.38574428924169,1.5,3.374645199
2010-03-04,78.1177199074074,100.7953203125,0.00602006912231445,6.024652099609,0.491811119292755,22,0.307187490165234,0.37009984254837,0.718615382393383,1.3,3.419732788
2010-03-05,54.6386342592593,102.149234375,0.000435113804542198,0.597161865234,0.515246315505633,22,0.314218740910292,0.4366395175457,1.91425985655642,1.3,3.012937477
2010-03-06,76.6530729166667,102.4889765625,0.00182169310392055,-0.00665893554696595,0.529406011763463,22,0.32124999165535,0.330607086420059,1.14790604255991,1.3,2.34672959
2010-03-07,76.517025462963,102.6975,1.87479262240231,-0.522436523437989,0.518029581367851,22,0.331738274544478,0.299781501293182,1.40185625956335,1.1,1.462824952
2010-03-08,27.4743981481481,103.1837578125,0.085289022536017,-2.42981567382799,0.496892275534703,22,0.342226557433606,0.269189596176147,1.42827695565426,1.1,1.848034961
2010-03-09,69.2412905092593,102.460171875,0,-2.359136962891,0.488334162099397,22,0.352714840322733,0.388001680374146,1.38786395449604,1.3,2.365237726
2010-03-10,79.8834085648148,100.950546875,0,2.72954711914105,0.479905196523683,22,0.363203123211861,0.47851112484932,1.54344281903429,1.4,3.749915498
2010-03-11,89.3437905092593,99.936765625,0.00171604597198893,9.30803833007803,0.473783434304134,22,0.373691406100989,0.611051201820374,0.971746372359556,1,3.889950238
2010-03-12,84.4472280092593,101.30903125,9.17412990020239e-06,6.48980102539105,0.51716212860218,22,0.384179688990117,0.586252093315125,1.61851229806166,1.6,2.969024448
2010-03-13,64.2120717592593,101.4873515625,0.000852346317969932,5.35207519531201,0.539301953472934,22,0.394667971879244,0.475703924894333,0.992580221810476,1.6,3.06736378
2010-03-14,-6.61448061342593,101.150796875,4.18643932789564,1.739984130859,0.455570811098749,22,0.405156254768372,0.161444962024689,0.980054465100694,1.1,2.132579248
2010-03-15,73.9633101851852,101.684984375,0.001294145022257,3.76726684570303,0.4968102816697,22,0.420957036316395,0.56173437833786,1.25630561488888,1.6,3.500108101
2010-03-16,90.4781770833333,101.2890703125,0.000441074377022233,6.00945434570303,0.436340091483934,22,0.436757817864418,0.517819881439209,0.902491372386867,1.6,3.907293806
2010-03-17,105.131053240741,101.72228125,0.00935792922973633,4.45375976562502,0.460181289485523,22,0.452558599412441,0.429869890213013,1.08830558150705,1.7,3.314894974
2010-03-18,67.329525462963,100.4817109375,0.00262260437011719,5.52892456054701,0.482013417141778,22,0.468359380960465,0.204666912555695,1.45465494280406,1.3,3.092880097
2010-03-19,83.6992013888889,99.390375,0.00718235969543457,11.099664306641,0.493800193071365,22,0.484160162508488,0.6803218126297,1.79660234106968,1.6,4.082106883
2010-03-20,95.0686458333333,100.682015625,0.000852346317969932,6.76860961914105,0.502532120261874,22,0.499960944056511,0.684888005256653,2.81043627956209,2.4,4.176923411
2010-03-21,94.4247222222222,100.2471328125,0,9.36004028320303,0.498862011419548,22,0.515761725604534,0.634024381637573,1.8227204189015,2.1,4.716467576
2010-03-22,54.794068287037,100.9208828125,0.000435113804542198,10.054559326172,0.52317636353629,22,0.531562507152557,0.783356964588165,1.4435453575171,1.6,3.913180167
2010-03-23,106.069247685185,101.2433359375,0.000852346374813351,8.87163696289105,0.486080553177949,22,0.551406256854534,0.719513535499573,1.32298595226599,1.6,3.665871165
2010-03-24,56.5325,101.4764609375,1.87160074710846,7.65004882812502,0.475597640315255,22,0.571250006556511,0.543899714946747,1.50116203729524,1.7,3.20776038
2010-03-25,80.3411689814815,101.7080703125,0.00150501728057861,5.223718261719,0.468341031244823,22,0.591093756258488,0.631971836090088,1.25852442908375,2.1,4.635562202
2010-03-26,98.1620833333333,101.06171875,0.00214477836379956,9.52105102539105,0.494154036045075,22,0.610937505960465,0.800654888153076,0.925202186178403,2,4.461486742
2010-03-27,96.1763657407407,101.763921875,0.00507533559357398,5.67858276367201,0.517333913307923,22,0.630781255662441,0.464881509542465,1.89128012801256,2,3.5681695
2010-03-28,109.803402777778,101.7503515625,0,8.37212524414105,0.503650005047138,22,0.650625005364418,0.566271960735321,1.3457201266892,1.9,4.231203576
2010-03-29,59.3204398148148,101.2681796875,0.568592571653426,11.321069335938,0.49054807981292,22,0.670468755066395,0.364257514476776,2.37010460023743,2.2,4.967472653
2010-03-30,59.4263599537037,100.612421875,0.0141441823870991,11.304650878906,0.491636827751831,22,0.690312504768372,0.447032392024994,1.34129970670372,1.9,6.000138464
2010-03-31,83.4049768518519,100.7873984375,0.0312685951939784,13.356622314453,0.539016544818878,22,0.710996098816395,0.846416652202606,0.572553344959641,1.8,6.123154789
2010-04-01,94.16765625,101.2197265625,0.00258240652328823,8.87359008789105,0.482843346156917,22,0.731679692864418,0.876267671585083,1.63936941898153,1.9,5.255444029
2010-04-02,103.77587962963,101.2878828125,0.00169873237609863,9.14766845703105,0.499744549393654,22,0.752363286912441,0.838983416557312,0.448464701072362,2.3,5.984516822
2010-04-03,109.323564814815,100.4033359375,0.001281925733565,13.842980957031,0.516645752630391,22,0.773046880960465,1.01249969005585,2.86738361482904,1.9,7.273676475
2010-04-04,111.248530092593,100.076125,0.0054091215133667,14.738671875,0.527582290735874,22,0.793730475008488,0.918894529342651,0.626728878865299,1.9,6.612400696
2010-04-05,98.5304513888889,100.917234375,0.181961062480696,13.33974609375,0.538451810132016,22,0.814414069056511,0.692024886608124,1.63266277778766,2.5,6.272324425
2010-04-06,93.3361226851852,101.78403125,0.000852346317969932,11.354669189453,0.505027010545626,22,0.835097663104534,0.943742513656616,1.09507909473813,2.2,5.714350952
2010-04-07,107.215381944444,100.8561171875,0.00214278679777635,14.951287841797,0.536839498923375,22,0.855781257152557,1.22664535045624,3.9963835058642,2.6,7.005021609
2010-04-08,115.460462962963,99.8119375,0.0062027684180066,17.874871826172,0.493072284774466,22,0.878281258046626,1.34565651416779,3.56317360934045,2.5,10.31191744
2010-04-09,89.7579340277778,100.337109375,0.469826685730368,14.350915527344,0.493486923789333,22,0.900781258940695,0.759378135204315,1.70726504418167,3.3,9.292389695
2010-04-10,83.9315451388889,100.9420546875,2.23612179979682,10.748284912109,0.536785781858591,22,0.923281259834764,0.813595294952393,0.818561437590949,2.4,5.916291317
2010-04-11,38.4889930555556,100.698546875,7.60562252253294,7.36586914062502,0.504453932292214,22,0.945781260728834,0.256171584129334,0.713573899507583,2.3,6.212756732
2010-04-12,28.0467390046296,101.500609375,0.977827818132937,5.939294433594,0.46234393700222,22,0.968281261622903,0.646849393844605,2.39757260159387,2.1,6.197822699
2010-04-13,135.854988425926,102.0127109375,0.000372529029846191,8.01995239257803,0.494931338692854,22,0.990781262516972,0.839306354522705,0.675785893298282,2.4,6.489591038
2010-04-14,80.0379976851852,101.6616875,0.0382935759262182,7.78438720703105,0.53044431767942,22,1.01328126341104,0.557126879692078,3.05471715663479,2.4,7.428324713
2010-04-15,120.893784722222,100.9226484375,0.00845491831569234,10.530816650391,0.509621442565657,22,1.03578126430511,0.580646097660065,2.18613249283579,2.2,7.205857167
2010-04-16,127.755208333333,100.98084375,0.00603795024289866,11.959161376953,0.550072142453039,22,1.05359376966953,0.534724891185761,1.12566360051704,2.1,5.552103307
2010-04-17,81.0596759259259,100.8933203125,0.0402957193728071,11.662622070312,0.540329624109741,22,1.07140627503395,0.347261309623718,0.535055563391863,2.1,6.465642448
2010-04-18,134.835775462963,100.1575703125,0.00192522998077038,18.285394287109,0.54977140764043,22,1.08921878039837,0.77728796005249,1.56584602145463,2.2,9.79142084
2010-04-19,85.9340856481482,100.6029921875,1.40329007990658,16.008935546875,0.541811508852511,22,1.10703128576279,0.46407961845398,1.78336114272439,2.6,9.539817114
2010-04-20,35.1031365740741,101.12675,4.75582759827375,11.747827148438,0.537262381667141,22,1.1248437911272,0.300314545631409,1.81416489962265,2.7,8.002571361
2010-04-21,26.5723090277778,101.309296875,0.103154779935721,9.40911254882803,0.517955435777314,22,1.14265629649162,0.394803583621979,1.76052246959769,2.8,8.183874383
2010-04-22,118.987766203704,101.2307890625,0.0397980220441241,10.636315917969,0.526289674468454,22,1.16046880185604,0.533088505268097,0.86352788950736,2.5,7.939434442
2010-04-23,126.015740740741,101.250921875,0.000852624680192093,13.72548828125,0.582933335053829,22,1.17828130722046,1.07171297073364,1.36336881642611,3.3,9.079873536
2010-04-24,133.940960648148,100.6630703125,0.0042945493987645,17.327783203125,0.580706181863372,22,1.18980473279953,1.00851917266846,3.61084463393007,3.4,11.05451818
2010-04-25,86.1283159722222,100.6535078125,2.70525715313852,13.329919433594,0.571041707940801,22,1.2013281583786,0.719744682312012,1.66785458860541,3.3,10.13085412
2010-04-26,78.9388483796296,100.4381875,0.247171381488442,10.362420654297,0.55455040055087,22,1.21285158395767,0.969309270381927,2.11159103541429,3.1,9.217088565
2010-04-27,103.791793981481,100.21521875,0.0705748825566843,12.648980712891,0.572494945964592,22,1.22437500953675,1.13248944282532,3.48300027810725,3.3,9.69146298
2010-04-28,135.231805555556,100.663390625,0,10.541070556641,0.587116549777964,22,1.23589843511582,0.94825553894043,2.17437870692364,3,9.479608319
2010-04-29,133.218055555556,100.78609375,0,14.51552734375,0.603756885607164,22,1.24742186069489,1.19919657707214,2.13635294833135,3.8,10.61302541
2010-04-30,128.617337962963,100.595390625,0.000852346317969932,16.936639404297,0.623914246375744,22,1.25894528627396,1.33383369445801,1.40044071227953,4,13.25355301
2010-05-01,126.269826388889,99.7225625,0.00172257421127142,23.176202392578,0.592089654980125,22,1.27046871185303,2.15460824966431,2.25251663166939,5.6,13.09455856
2010-05-02,131.7353125,99.4904609375,0,25.463464355469,0.63532313999239,22,1.2737694978714,2.2973849773407,1.63793889236138,3.7,15.26778562
2010-05-03,140.491018518519,99.672234375,2.31382856145501,23.24013671875,0.596009737187688,22,1.27707028388977,1.5517760515213,1.5578937771142,2.8,13.27171646
2010-05-04,122.785069444444,99.147078125,0.614169228356332,22.634240722656,0.563008909042065,22,1.28037106990814,1.00911295413971,1.73662204684543,3.7,13.59846865
2010-05-05,97.6286458333333,99.5530546875,1.49011611938477e-05,21.927606201172,0.567317362015064,22,1.28367185592652,1.85391771793365,3.30963157925219,4.5,14.43427776
2010-05-06,126.627835648148,99.8291328125,0,21.724237060547,0.58636424109176,22,1.28697264194489,1.99503982067108,1.60602131481122,4.2,14.41029783
2010-05-07,135.236354166667,99.6168828125,0,23.862817382812,0.613943893175859,22,1.29027342796326,2.28102040290833,1.89314148887782,4.1,15.68933223
2010-05-08,105.640694444444,99.6436796875,0.0770356782595627,22.633569335938,0.627597299905924,22,1.29357421398163,1.63327622413635,0.885426341790779,4.7,15.73064588
2010-05-09,117.774027777778,100.15803125,0,18.043176269531,0.640991650439881,22,1.296875,1.73061537742615,2.51172780558477,5.4,15.75527929
2010-05-10,128.130543981482,100.0588984375,0,21.002557373047,0.623565231050764,22,1.29312500357628,2.07958602905273,1.78724810217831,6.3,16.27605044
2010-05-11,134.117372685185,100.7285078125,0.0017046927496267,18.970483398438,0.607795136315482,22,1.28937500715256,1.58017432689667,0.964774293759292,4.7,15.55556596
2010-05-12,131.31025462963,100.8246953125,0,19.610955810547,0.611884915566706,22,1.28562501072884,1.4558744430542,0.950075374165387,3.5,14.3016481
2010-05-13,99.0406134259259,100.78684375,0.000947713829191343,20.810083007812,0.6265629195905,22,1.28187501430512,1.39470827579498,1.55179433401826,3.9,13.6463273
2010-05-14,77.4289525462963,100.5145625,0,20.929254150391,0.649711503432347,22,1.27812501788139,1.54224348068237,2.39181928816258,4.2,13.19995325
2010-05-15,151.883125,100.44809375,0.411123037338257,22.701165771484,0.661358680698898,22,1.27437502145767,1.69176149368286,2.12964577216119,3.5,12.80331613
2010-05-16,15.6057711226852,100.4377734375,5.14675071462989,16.900842285156,0.662942127212063,22,1.27062502503395,0.316103577613831,0.165198819469508,2,10.57412016
2010-05-17,80.4530555555556,99.895609375,0.0451236955996137,20.057885742188,0.680008233903529,22,1.26687502861023,0.957334399223328,0.24682364170653,2.4,11.51706996
2010-05-18,138.559328703704,99.4813125,0.00171363353729248,22.840509033203,0.683149189084441,22,1.25498048961163,2.20421457290649,2.79279935930373,5.5,14.62323285
2010-05-19,135.904490740741,99.5482109375,8.79254002938978e-07,25.269647216797,0.630169911043984,22,1.24308595061302,2.54157543182373,2.25915925403296,7.1,14.76099658
2010-05-20,129.594895833333,99.8100625,0.000858306862028257,26.6980529785161,0.601834385277151,22,1.23119141161442,2.70805597305298,2.19408402387449,6.8,14.84822379
2010-05-21,60.0096180555556,99.8059765625,0.000852346374813351,22.928887939453,0.631728724791453,22,1.21929687261582,1.47961401939392,1.25208456273702,4.9,14.32703598
2010-05-22,131.613773148148,99.665234375,0.00744441786082461,23.625970458984,0.64712854040848,22,1.20740233361721,1.66799068450928,1.36762856519685,5.1,14.10929103
2010-05-23,139.293344907407,99.1780234375,0.00170803343735315,27.108178710938,0.645205632343397,22,1.19550779461861,2.55751848220825,1.0980850373924,4.5,14.01141774
2010-05-24,147.621909722222,99.8041015625,0.000852346374813351,25.120751953125,0.658748137099403,22,1.18361325562,2.41996145248413,2.16232051949808,7.2,12.90511594
2010-05-25,148.148912037037,100.28071875,0,25.948480224609,0.692514643236831,22,1.1717187166214,2.33764290809631,1.47620084570727,5.5,13.3163858
2010-05-26,96.0169328703704,100.461875,0.000861287048792292,25.652978515625,0.686063920419571,22,1.15927731990814,2.04864406585693,1.13909382382087,5.1,12.75809045
2010-05-27,31.2021209490741,100.5437578125,3.92841687425971,20.140374755859,0.649670574190335,22,1.14683592319489,0.762727737426758,0.420711958581446,5.3,13.12371419
2010-05-28,140.869606481481,99.9517109375,0.00756382951294654,23.438562011719,0.654775987489023,22,1.13439452648163,1.34401202201843,1.31773551655457,5.9,14.35557898
2010-05-29,140.217916666667,99.6523046875,0.000435113804542198,26.518060302734,0.654087915320921,22,1.12195312976837,2.33570718765259,1.15515381227894,5.7,12.41298642
2010-05-30,139.999467592593,100.113390625,0.140830874443054,25.193627929688,0.669767697608462,22,1.10951173305511,2.08908987045288,1.73701810763118,5.6,14.81667011
2010-05-31,136.021921296296,100.674421875,0.188857316970825,23.060754394531,0.709295729598688,22,1.09707033634186,1.36510980129242,1.26876316212071,5.4,13.05238314
2010-06-01,139.383530092593,100.5029609375,0.00934600848268019,24.300286865234,0.706198433421096,22,1.0846289396286,1.5814642906189,1.86434781625558,5.9,13.17080214
2010-06-02,129.710266203704,100.7292890625,8.30411352217197,22.260583496094,0.678213862567827,22,1.07218754291534,0.888330698013306,1.01614681935296,4.7,12.16415378
2010-06-03,119.692280092593,100.804203125,0.0957191004999913,22.110406494141,0.658068397409515,22,1.06533206999302,1.08237242698669,0.648966283214694,3,10.94052649
2010-06-04,141.964826388889,100.56940625,0.00387349336961051,23.440209960938,0.692096698240518,22,1.05847659707069,1.38629341125488,0.863505866316435,5.5,12.02220256
2010-06-05,158.615891203704,100.24846875,0.0136141798066092,25.283288574219,0.680390531838223,22,1.05162112414837,1.7128541469574,1.73816866332219,3.3,12.42240472
2010-06-06,156.293217592593,100.2736640625,0.0394601702282671,25.830407714844,0.687760621812467,22,1.04476565122604,1.78655219078064,2.16459078058024,3.8,13.06494249
2010-06-07,143.962905092593,100.4255625,-2.57379610957287e-05,25.484796142578,0.652094349931197,22,1.03791017830372,1.91476786136627,2.18401933645972,4.3,13.08778477
2010-06-08,86.8872106481482,100.4274140625,0,25.7324768066411,0.666614449201076,22,1.03105470538139,2.09608793258667,0.193435102516202,2.4,10.15758702
2010-06-09,43.5287644675926,100.5103359375,0.426629179855809,23.182336425781,0.695239478745907,22,1.02419923245907,1.30294167995453,0.934164822419821,2.6,7.494834838
2010-06-10,109.535752314815,100.379,0.0526607036590576,22.780816650391,0.716276868130548,22,1.01734375953674,1.29980766773224,1.09942925450318,2.9,7.290440062
2010-06-11,152.416863425926,100.118046875,0.000852346317969932,24.995904541016,0.706191221742048,22,1.02132813632488,1.53360974788666,1.51097350259574,3.5,10.16669036
2010-06-12,167.031990740741,99.757671875,0.00258136401498632,27.801141357422,0.71225312497445,22,1.02531251311302,1.87928771972656,1.71843980741423,3.4,6.763200533
2010-06-13,143.983020833333,99.4311328125,0.0142361586767947,29.408502197266,0.698851532684811,22,1.02929688990116,2.33109045028687,0.749082104224075,3.1,6.452858841
2010-06-14,154.492280092593,99.3867265625,0.0633001327514648,29.1127563476561,0.651471044467124,22,1.0332812666893,2.05313897132874,0.319746327723108,2.5,5.503641489
2010-06-15,143.503101851852,99.0475078125,0.00900030136108398,32.558740234375,0.652317921518196,22,1.03726564347744,3.45481634140015,1.96305664960192,4,3.824498485
2010-06-16,126.591631944444,98.915328125,0.00208616256713867,31.9505859375,0.657868141001397,22,1.04125002026558,3.20117282867432,1.43342476507923,2.6,3.604360158
2010-06-17,153.379305555556,99.1775,3.45792178995907,28.161614990234,0.685171319233193,22,1.04523439705372,1.85442507266998,1.23545848019323,1.4,3.365308102
2010-06-18,113.840300925926,99.5417890625,6.40467088669538,24.203881835938,0.703978717327118,22,1.04921877384186,1.18044853210449,1.07100846036047,1.6,3.321678634
2010-06-19,159.331597222222,99.6589765625,0.000476837158203125,28.076776123047,0.682245331151145,22,1.07019533216954,2.02703237533569,0.574312837421541,1.8,2.943243103
2010-06-20,142.22130787037,99.8652109375,0.000852346317969932,29.7825256347661,0.681414573402194,22,1.09117189049721,2.36423778533936,0.83321149601633,1.9,5.032158826
2010-06-21,136.98869212963,99.330796875,1.79241294972599,31.498315429688,0.611449644133285,22,1.11214844882489,2.89175724983215,1.09841146209673,1.9,3.787551064
2010-06-22,138.957592592593,99.742765625,0.246095645707101,28.139916992188,0.611842101419365,22,1.13312500715256,1.81158804893494,2.04174898811756,1.5,4.71595052
2010-06-23,120.980856481482,100.012421875,0.00214576539292466,26.063500976562,0.615799635976226,22,1.15410156548024,1.45838749408722,0.855879779192192,1.7,5.093019402
2010-06-24,157.987800925926,99.8828125,0.126928222016431,27.757409667969,0.651842865970109,22,1.17507812380791,1.58913493156433,0.970235510132028,1.8,5.292684082
2010-06-25,157.3096875,99.8285859375,0.441020878497511,29.000177001953,0.683188796043396,22,1.19605468213558,2.08608794212341,0.896238212768047,1,3.702277438
2010-06-26,159.086319444444,99.6803125,0.329899456119165,30.002404785156,0.660612668309893,22,1.21703124046326,2.30010628700256,0.761905040267255,1.3,4.064590686
2010-06-27,148.70875,99.341109375,0.000607967365340301,31.970849609375,0.658775450109126,22,1.25374999642372,3.10138010978699,1.96645517569601,2.4,3.360226374
2010-06-28,152.254988425926,99.1409609375,0.00219643106902367,33.502191162109,0.590778053461851,22,1.29046875238419,3.5792350769043,1.50000613184126,3.2,4.338832788
2010-06-29,157.488101851852,99.2654375,0,32.500146484375,0.600373670950041,22,1.32718750834465,2.77443599700928,0.503832429657527,1.2,3.514974624
2010-06-30,108.846157407407,99.2584375,14.3701015040278,29.003289794922,0.610025198250027,22,1.36390626430512,1.29539442062378,1.22080414195747,0.6,3.096879994
2010-07-01,27.3717418981482,99.1435859375,4.14269976317883,24.945977783203,0.622136757269011,22,1.40062502026558,0.423794507980347,1.35966464054058,0.4,1.87951958
2010-07-02,166.368402777778,99.2340234375,0.000858787132074212,28.6342407226561,0.634248316287994,22,1.43734377622604,1.58792233467102,0.43062662972605,2.4,3.902887038
2010-07-03,176.382511574074,99.2018671875,0.000435113804542198,30.6059204101561,0.635730457829905,22,1.47406253218651,2.14748406410217,1.66261752730143,3,3.78602143
2010-07-04,173.08494212963,99.162546875,0.000864267292399745,32.305810546875,0.637212599371816,22,1.51078128814697,2.76075172424316,1.23465191426168,3.6,4.842817722
2010-07-05,147.478240740741,99.153328125,0.000871226177423523,32.532861328125,0.602686354092189,22,1.5567969083786,3.26752972602844,0.258800468153476,3.5,5.819852957
2010-07-06,150.029027777778,99.2224453125,0.000852346317969932,34.177484130859,0.644547688437033,22,1.60281252861023,4.11955261230469,0.676372806878258,2.9,5.613068332
2010-07-07,56.1134375,99.5725,0.0496059656143188,32.183557128906,0.568558486608358,22,1.64882814884186,3.2372522354126,0.830819616989147,2.2,4.336077487
2010-07-08,147.805266203704,99.6718125,0,30.790460205078,0.599048224124279,22,1.69484376907349,2.30609035491943,1.26358414574503,2.9,6.373200008
2010-07-09,71.2369502314815,99.6169921875,27.6568084955215,26.6810546875,0.636131149071914,22,1.74085938930511,0.879825592041016,0.269929067389683,1.1,4.511078826
2010-07-10,123.438553240741,99.5845390625,1.3262260472402,25.585656738281,0.629415145614645,22,1.78687500953674,0.991360425949097,1.52943981444103,2.4,5.3032085
2010-07-11,129.428101851852,99.5040234375,0.0322461128234863,27.945275878906,0.619005256629252,22,1.83289062976837,1.39624261856079,1.97073748263396,2.9,5.354448386
2010-07-12,140.928414351852,99.7123125,1.97067251428962,28.351129150391,0.626712136216216,22,1.87890625,1.26847195625305,0.446827941089436,1.3,3.882831734
2010-07-13,139.264884259259,100.0252890625,0.468032550998032,28.154992675781,0.666587486371889,22,1.92759764194489,1.16870737075806,0.985851824913837,1.3,5.037500987
2010-07-14,132.792511574074,99.94421875,0.0117719173431396,28.766778564453,0.640685507433228,22,1.97628903388977,1.30596542358398,0.543796585701947,1.4,5.606161676
2010-07-15,120.474976851852,99.68465625,0.403058540541679,27.845819091797,0.647149298382687,22,2.02498042583465,1.3574697971344,0.610480222099563,1.3,6.00014389
2010-07-16,182.101365740741,99.6123515625,0.00214576721191406,29.4346252441411,0.643897136828112,22,2.07367181777954,1.81731224060059,1.56124165878544,3.3,8.333064902
2010-07-17,91.4390335648148,99.7765,2.22060387022793,27.914178466797,0.683948725992193,22,2.12236320972443,1.07562899589539,1.09396991054749,1.9,7.594578867
2010-07-18,157.596018518519,99.7675234375,0.101967874797992,29.910272216797,0.64198248716834,22,2.17105460166931,1.68051362037659,1.95819496333352,4.5,12.28334142
2010-07-19,-1.89414822048611,99.636296875,36.4211015403271,22.795465087891,0.642558677542976,22,2.2197459936142,0.42605471611023,1.19668999617426,2.4,11.59345221
2010-07-20,184.041886574074,99.611734375,0.000852346317969932,26.787957763672,0.654494555618467,22,2.26843738555908,1.19018602371216,1.40072416055462,4.8,14.72103877
2010-07-21,183.239016203704,99.8589609375,0.00173894625277171,28.426873779297,0.656589804491444,22,2.30345693230629,1.21399855613709,1.05393157112311,4.1,13.38187969
2010-07-22,167.290243055556,99.979078125,0.139398034662008,29.149652099609,0.68567608904561,22,2.33847647905349,1.04214596748352,1.30102401612858,3.2,12.16411581
2010-07-23,159.816886574074,100.078625,0.0845556132844649,28.868798828125,0.680633490345372,22,2.3734960258007,1.11388278007507,1.60758612048211,4.1,14.77341446
2010-07-24,153.468530092593,100.2188046875,0.860446714796126,28.755670166016,0.665662414842781,22,2.40851557254791,0.999934673309326,0.975347297819618,3.7,15.12430074
2010-07-25,167.785115740741,100.12846875,0.00128700446566654,30.028802490234,0.676364470321525,22,2.44353511929512,1.44664335250855,1.47143340442999,4.9,16.55308273
2010-07-26,159.191030092593,99.88721875,0.000429153317327291,30.514154052734,0.680787465122624,22,2.47855466604233,1.46541142463684,1.81931547309183,4.2,15.24754562
2010-07-27,149.533761574074,99.499828125,0.00386251213058131,30.6821838378911,0.702561625588123,22,2.51357421278953,1.55667734146118,2.27300586722185,4.4,16.37159614
2010-07-28,169.261724537037,98.987953125,-9.4505594461225e-06,31.732720947266,0.694947669560345,22,2.54859375953674,1.79445910453796,2.04835006065533,4.4,15.00603612
2010-07-29,171.236435185185,98.8051015625,0.0013131761988916,33.401513671875,0.691892758567016,22,2.57046875357628,1.99433279037476,2.28473165604109,3.8,16.81668405
2010-07-30,170.056446759259,98.927296875,0.000866606569616124,34.4564453125,0.672090233730732,22,2.59234374761581,2.11909151077271,2.27751018932337,3.1,10.90100306
2010-07-31,167.562731481481,99.2957890625,48.8628521561623,30.333215332031,0.678069713520221,22,2.61421874165535,1.30267333984375,1.20961484520215,4.6,14.04111507
2010-08-01,20.3176027199074,100.1545390625,2.63772904872894,23.693078613281,0.686011703405844,22,2.63609373569489,0.691726446151733,1.43402393853269,4.5,15.16705781
2010-08-02,126.661875,99.792890625,0.000441074377022233,26.331079101562,0.699757217705905,22,2.65796872973442,0.997262239456177,0.340502092925242,4.3,16.64023954
2010-08-03,180.911793981482,99.214515625,0.00389516344512231,29.710137939453,0.719830958397834,22,2.67984372377396,1.03755021095276,0.894656466181072,3.8,15.74859491
2010-08-04,107.990335648148,99.4466171875,9.47576388716698,27.378228759766,0.717685981111212,22,2.70171871781349,0.623544454574585,0.673151268776001,3.7,14.96400871
2010-08-05,121.148032407407,100.2649453125,0.876557838637382,26.761437988281,0.703282400801941,22,2.72359371185303,0.938045501708984,0.834314617142262,3.6,15.57117029
2010-08-06,128.839537037037,100.6155390625,0.0102541225714958,24.956781005859,0.676373472580543,22,2.72300776839257,1.24224817752838,0.853220679504292,4.7,16.64619269
2010-08-07,158.394560185185,99.8793984375,2.61532654985785,26.721704101562,0.710248603270605,22,2.7224218249321,1.04942893981934,0.7204589998781,4.2,16.73808853
2010-08-08,134.543946759259,99.469625,2.21910537220538,27.418511962891,0.730623971629929,22,2.72183588147164,0.767017602920532,0.387644226572513,3.3,14.03023368
2010-08-09,100.28005787037,99.621296875,15.2664184570312,26.970208740234,0.726916357711121,22,2.72124993801117,0.548970937728882,0.475096445312729,3.3,15.24780914
2010-08-10,64.3174479166667,99.7433125,20.9231581538916,25.768334960938,0.732930047171457,22,2.72066399455071,0.472946166992188,0.382488972060728,3.6,14.5459082
2010-08-11,28.2231799768519,99.5821171875,8.56837630271912,24.053552246094,0.74431384232018,22,2.72007805109024,0.226589918136597,1.05454483228575,3.5,14.52576594
2010-08-12,144.82474537037,99.263453125,0.00434517869507545,27.374139404297,0.759804188877672,22,2.71949210762978,0.689123392105103,0.863071198074524,3.3,15.94963877
2010-08-13,60.9600405092593,99.2466015625,2.16111540794373,27.220239257812,0.732985569880558,22,2.71890616416931,0.430911540985107,0.695306286775545,2.5,15.30015815
2010-08-14,56.7175868055556,99.4515546875,0.000426173215828385,25.798913574219,0.726521343975277,22,2.70249992609024,1.42258930206299,1.88754421020003,4.6,16.74699613
2010-08-15,160.61287037037,99.8084921875,0.00127892531054385,25.852685546875,0.698364844689001,22,2.68609368801117,1.46968352794647,0.831004272974582,4.8,16.86896621
2010-08-16,155.949050925926,99.9325859375,0.000443917485881684,25.798699951172,0.661868344951462,22,2.6696874499321,1.06230187416077,0.936611001541227,5.1,17.00755072
2010-08-17,157.083043981482,99.951390625,0.000852346317969932,27.4622131347661,0.679071355652024,22,2.65328121185303,1.19838619232178,2.0823925640601,5.2,16.7677623
2010-08-18,110.186261574074,100.137578125,19.4836668670177,25.678186035156,0.711833067647704,22,2.63687497377395,0.739834785461426,0.296094758112003,2.2,14.66912248
2010-08-19,47.5656163194445,100.470578125,27.761597186327,23.986413574219,0.760860694633736,22,2.62046873569488,0.386631965637207,0.84814482439136,2.2,11.59231919
2010-08-20,41.1555844907408,100.4519140625,3.97292757406831,24.540673828125,0.806170381032504,22,2.60406249761581,0.321193933486939,0.848078041516862,2.2,13.83629917
2010-08-21,54.7615104166667,100.2948515625,30.0050433725119,22.255456542969,0.847230992474399,22,2.58765625953674,0.328926801681519,0.6639708971814,2.3,13.52850445
2010-08-22,141.659803240741,100.567328125,0.00171955434780102,22.815026855469,0.787612468331725,22,2.55849608778953,0.633728742599487,0.245505393236868,4.3,14.18206286
2010-08-23,85.6958912037037,100.62075,0.00169828206253442,22.943017578125,0.697207493441446,22,2.52933591604233,0.680614709854126,1.63765963473396,2,9.961801209
2010-08-24,88.5733275462963,100.6609921875,5.6843418860808e-11,20.230950927734,0.696745801102984,22,2.50017574429512,0.45909857749939,1.41881536485248,4.1,13.76767769
2010-08-25,148.22412037037,100.6270859375,0.250488519668579,22.118341064453,0.681408391876535,22,2.47101557254791,0.644616842269898,0.122039941009755,3.9,14.19032496
2010-08-26,66.6596527777778,100.59496875,19.4914471358061,22.768975830078,0.712131976098805,22,2.4418554008007,0.636886596679688,1.03114746557879,3.1,11.10717357
2010-08-27,70.471875,100.4139296875,0.775694847106934,21.933892822266,0.726723311039118,22,2.41269522905349,0.611030340194702,1.10482618455747,3.7,12.89247807
2010-08-28,143.352800925926,100.1733125,0,23.294519042969,0.715963968536356,22,2.38353505730629,0.827671051025391,0.525197956385685,4.3,15.76983959
2010-08-29,147.853622685185,99.9784609375,0.000858306862028257,25.052728271484,0.704714627711327,22,2.35437488555908,0.843957901000977,1.35311028926614,4.2,16.05080127
2010-08-30,136.471041666667,100.0028515625,0.631362199783325,25.683953857422,0.712863874611673,22,2.31708973646164,0.676184177398682,0.643897159886844,3.5,15.4067924
2010-08-31,97.635462962963,100.2716640625,5.01671433448792,23.122796630859,0.738602372712355,22,2.2798045873642,0.484066486358643,0.490666083412561,2.2,9.826581041
2010-09-01,121.603090277778,100.55834375,2.56919860839844,23.671563720703,0.747646893530959,22,2.24251943826675,0.614197492599487,1.46882084767999,2.6,12.72859072
2010-09-02,107.058240740741,100.649890625,3.59915196895599,23.7526489257811,0.764440400456192,22,2.20523428916931,0.628856658935547,0.991853902323582,2,9.6876348
2010-09-03,108.880081018519,100.436046875,2.15218961238861,22.763146972656,0.740564531131614,22,2.16794914007187,0.485074520111084,1.1244389506088,2,13.00107534
2010-09-04,105.684884259259,100.42059375,2.17498233541846,22.779473876953,0.748143601941428,22,2.13066399097443,0.517791748046875,0.404464059698799,2.2,10.73850152
2010-09-05,93.1646585648148,100.2532421875,0.111365319753531,23.635125732422,0.718968706660844,22,2.09337884187698,0.520308017730713,0.562784588600246,1.6,9.093626397
2010-09-06,101.8,100.2086640625,12.2468173503876,24.362298583984,0.744078524280217,22,2.05609369277954,0.560839414596558,0.241316885476452,1.1,7.753293957
2010-09-07,14.8442375578704,100.566609375,14.6907214075327,20.818414306641,0.758768351984433,22,2.00914058089256,0.311097383499146,1.94708314897865,1.8,9.241635964
2010-09-08,122.061828703704,100.6290703125,0.0398635856981855,21.012017822266,0.755922292402603,22,1.96218746900559,0.818515539169312,0.896761597912665,1.9,9.806634841
2010-09-09,53.0082233796296,100.249375,0.000858306862028257,20.386590576172,0.730905818069951,22,1.91523435711861,0.5534508228302,0.817563528470238,2,10.01032057
2010-09-10,131.288009259259,100.0594375,0.00215172758544213,22.669763183594,0.695828520080772,22,1.86828124523163,0.81094753742218,0.495806938145666,2.8,13.96897531
2010-09-11,120.506979166667,100.2119609375,0,22.997735595703,0.700107212647893,22,1.82132813334465,0.837247610092163,0.660424316396911,3.4,13.32423622
2010-09-12,124.994282407407,100.3206015625,0.00127553926176915,24.234063720703,0.70164803160619,22,1.77437502145768,0.952353477478027,0.920481020350868,3.4,12.87024391
2010-09-13,134.450081018519,100.398484375,0.000435113804542198,24.924981689453,0.706510895679066,22,1.7274219095707,0.849385738372803,0.449104220654949,3.3,14.04562099
2010-09-14,114.796550925926,100.48653125,0.033259391784668,24.615258789062,0.737483739052531,22,1.68046879768372,0.879174709320068,1.18632295798856,2.5,11.70885814
2010-09-15,122.626273148148,100.260109375,0.00118021421258163,25.14638671875,0.714070846319758,22,1.63000003993512,1.07109999656677,2.28279486351784,2.8,11.31722073
2010-09-16,108.927974537037,100.0435546875,1.82738120201975,25.909814453125,0.736902320313225,22,1.57953128218651,0.714001417160034,1.787132547298,2.1,5.502599046
2010-09-17,67.5699479166667,100.287953125,12.0271928608418,19.277185058594,0.739790211834952,22,1.52906252443791,0.289135813713074,2.28000442714885,1.1,2.311269686
2010-09-18,30.1821759259259,100.63978125,2.91652418673038,16.425469970703,0.748036390261201,22,1.47859376668931,0.350635528564453,1.6593222516328,1.6,2.498649602
2010-09-19,59.5608217592593,100.438984375,0.342011451721191,18.340936279297,0.752665976873267,22,1.4281250089407,0.426437497138977,0.353510688034412,1.8,5.038828302
2010-09-20,92.3827025462963,100.3498984375,8.11178237199783,19.635736083984,0.733787716693143,22,1.3776562511921,0.423126220703125,1.61963039852392,0.9,2.461407452
2010-09-21,-12.6808434606481,101.58615625,10.1601779460907,13.363031005859,0.716767404105637,22,1.32718749344349,0.183838367462158,1.59841288190481,0.9,0.538881311
2010-09-22,96.1446990740741,101.4265234375,0,15.300134277344,0.714610672259069,22,1.27671873569489,0.759112536907196,0.595582425066971,2,7.463405769
2010-09-23,101.910115740741,101.0015078125,0.00171363262779778,18.023706054688,0.707649664564445,22,1.23416014015675,0.909954309463501,1.60852143737598,1.9,7.12870385
2010-09-24,57.8542071759259,100.898359375,0.000857543682286632,17.369561767578,0.661707144517166,22,1.19160154461861,0.826327085494995,2.15043673434558,1.9,5.455367803
2010-09-25,88.8781423611111,100.791203125,0.000865609877109819,17.166375732422,0.728374312212179,22,1.14904294908047,0.615487694740295,2.09314416104116,2.2,5.64644202
2010-09-26,82.0169212962963,100.91603125,0,17.267144775391,0.671590370463801,22,1.10648435354233,0.50255012512207,0.289430045685474,2.3,6.655146566
2010-09-27,104.185347222222,101.096171875,0.0081300731835654,19.043481445312,0.675285069169579,22,1.06392575800419,1.04983913898468,1.1531913408934,2.4,7.975925085
2010-09-28,81.1192361111111,101.66565625,0.0266253955487628,15.197045898438,0.679558784097106,22,1.02136716246605,0.982099950313568,0.351927737750766,1.9,4.470415037
2010-09-29,60.7510474537037,101.137875,0.0432908527727704,15.785943603516,0.700623969455342,22,0.978808566927911,0.698465347290039,0.594253276455244,1.1,0.917840452
2010-09-30,91.5803240740741,100.9798671875,0.00123083589187445,19.229486083984,0.720999401349287,22,0.936249971389771,0.72242271900177,0.507184947790013,0.6,1.414109387
2010-10-01,85.3922106481482,100.75753125,0.186774137546308,20.613946533203,0.679986774921417,22,0.902597628533841,0.765166163444519,0.76329981263817,0.5,3.665772017
2010-10-02,73.0663252314815,100.7869296875,0.019273160432931,18.404962158203,0.731767262076283,22,0.86894528567791,1.29255270957947,3.16118350294918,2.4,4.277561258
2010-10-03,79.8535416666667,101.023171875,0.00214067858905764,16.759057617188,0.618707493766319,22,0.83529294282198,1.19647455215454,2.37318677701412,1.5,1.658952559
2010-10-04,76.4714930555556,100.89709375,0.00128745989513845,18.277429199219,0.624070529754345,22,0.801640599966049,1.24244093894959,0.952263873036711,1.1,2.369791056
2010-10-05,76.4628530092593,100.5563828125,0.00214047145163931,19.569787597656,0.632167087151454,22,0.767988257110119,1.18707859516144,1.36145877271776,1.4,3.861605048
2010-10-06,78.8940335648148,100.493984375,0.00216005946640507,20.099084472656,0.637281467626383,22,0.734335914254189,1.02497780323029,1.73897344599941,1.2,2.638856885
2010-10-07,65.6828125,100.7099921875,0.000862121510181169,18.790002441406,0.642257142197955,22,0.700683571398258,0.930352449417114,1.68067672218414,0.7,2.094583388
2010-10-08,78.045162037037,100.546046875,0.000851150218750263,18.532373046875,0.652245769133934,22,0.667031228542328,0.880865335464478,1.52387320773764,0.6,2.157983436
2010-10-09,77.3117708333333,100.155578125,0,19.811944580078,0.662592464095944,22,0.64677732437849,0.818152546882629,1.85756146359336,0.7,2.238733318
2010-10-10,38.412115162037,100.313390625,0.124487283756025,19.781762695312,0.618539390328165,22,0.626523420214653,0.861868739128113,0.756967387364569,0.5,2.995177228
2010-10-11,75.5465798611111,101.1934296875,0,16.800378417969,0.658485016325018,22,0.606269516050816,1.03094458580017,1.22390263551125,1.2,1.154368497
2010-10-12,39.1640885416667,101.2732734375,0.000435113804542198,14.697473144531,0.5626702944001,22,0.586015611886978,0.655590295791626,1.13286161744038,0.7,0.399242885
2010-10-13,68.829849537037,100.87703125,0.00171242970736785,17.276849365234,0.567524560860225,22,0.565761707723141,0.974775373935699,0.626333219311764,0.8,1.055913893
2010-10-14,58.4312210648148,101.17671875,0.00128746023619897,15.080010986328,0.5889316541808,22,0.545507803559303,1.04109215736389,0.239419436001774,0.8,0.282769085
2010-10-15,52.6157175925926,100.7656015625,0.000441074377022233,15.750329589844,0.5999320768393,22,0.525253899395465,1.08840894699097,0.982182600813094,1.4,2.350013658
2010-10-16,69.4688773148148,101.1647578125,0.424195866798982,16.422143554688,0.609175529126283,22,0.504999995231628,0.964464128017426,1.75695292941376,0.7,0.353574761
2010-10-17,24.529380787037,101.908453125,0.967803585808724,11.283471679688,0.588536525103636,22,0.505664058029651,0.654399633407593,1.9837550608868,0.5,0.262968588
2010-10-18,36.3327314814815,101.6209765625,1.47718877997249,11.189324951172,0.620062026948036,22,0.506328120827674,0.374895095825195,1.07998554096193,0.1,0.802634275
2010-10-19,56.1518055555556,101.8764765625,0.622199615463614,11.841851806641,0.624918217938433,22,0.506992183625698,0.394711315631866,1.22469270634028,0.2,0.487826576
2010-10-20,14.4146831597222,101.727953125,0.160306692123413,11.997552490234,0.608741225436071,22,0.507656246423721,0.324808478355408,0.43814005975826,0.2,0.410344055
2010-10-21,26.3002256944445,101.27225,0.011223554793105,12.892724609375,0.600656107813757,22,0.508320309221744,0.401606917381287,0.229797285438638,0.6,0.365773851
2010-10-22,55.7312731481482,101.1045859375,0.00231749163503991,14.150811767578,0.596477484246043,22,0.508984372019768,0.426414608955383,0.0582340424257234,0.3,0.528224082
2010-10-23,44.6495775462963,100.9638515625,0.0630806607659906,15.473504638672,0.589295962800947,22,0.509648434817791,0.437413930892944,0.546307184885869,0.3,0.752230095
2010-10-24,4.14628363715278,101.77215625,4.05268371105194,10.557000732422,0.583839876507626,22,0.510312497615814,0.303239464759827,1.73899306179699,0.3,0.21152115
2010-10-25,36.3057725694444,102.5828359375,0.000441074377022233,8.27535400390605,0.604395089267156,22,0.518945313990116,0.690215647220612,1.10767332841402,1.6,0.684228099
2010-10-26,39.6782899305556,102.8890703125,0.000485777832182066,4.74746093750002,0.502949060052342,22,0.527578130364418,0.620362401008606,0.839958527920676,1,0.808778289
2010-10-27,37.9991087962963,102.157578125,0.00127553926176915,7.11257324218803,0.499002978418334,22,0.53621094673872,0.505407631397247,0.970104708427232,0.8,2.003861803
2010-10-28,40.7513483796296,102.0880859375,0,9.20806274414105,0.522669185717049,22,0.544843763113022,0.621117889881134,0.993187776559273,0.8,1.197798025
2010-10-29,38.75203125,101.9970859375,0.000858306862028257,10.616723632812,0.548949444293343,22,0.553476579487323,0.684244275093079,1.01039038522659,0.8,1.398387721
2010-10-30,37.7774074074074,101.864578125,0.00129044053664984,10.521478271484,0.540086933667728,22,0.562109395861625,0.631643414497376,0.889032617013824,0.5,2.094482293
2010-10-31,42.4477199074074,101.669609375,0.00171661372405651,11.150811767578,0.536765397431965,22,0.570742212235927,0.58621883392334,0.559307866803969,0.6,1.876234079
2010-11-01,35.3203385416667,102.093265625,0.000435113804542198,10.469903564453,0.556519962902007,22,0.579375028610229,0.674970269203186,1.56278881023849,0.8,0.627078331
2010-11-02,23.8235141782407,101.87865625,0.000852346317969932,8.04290161132803,0.562579884732247,22,0.589648462831974,0.435121536254883,1.05883766042423,0.6,1.501538371
2010-11-03,32.1692071759259,101.4459765625,0.000864117680521304,10.320031738281,0.574772192286054,22,0.599921897053718,0.675282537937164,1.0754444838213,1,3.561820446
2010-11-04,30.6771961805556,101.3716171875,0.000852346317969932,11.423486328125,0.563596576553618,22,0.610195331275463,0.668513119220734,0.688823533162284,0.9,3.15589571
2010-11-05,27.9364988425926,101.053828125,0.00214576630241936,12.236657714844,0.550592692831814,22,0.620468765497208,0.681893229484558,1.0170326509393,0.9,2.135778605
2010-11-06,34.4728587962963,100.708828125,0.00171124611370033,14.294122314453,0.548747529611198,22,0.630742199718952,0.868658781051636,1.02541162803988,0.7,3.328326532
2010-11-07,19.4769401041667,101.3155390625,0.00214732449421717,10.084283447266,0.546783395672174,22,0.641015633940697,0.798404395580292,1.93448713204844,1.1,1.430689825
2010-11-08,22.7760416666667,101.63225,0.0012827304090024,7.474847412109,0.566991695071433,22,0.651289068162441,0.66834032535553,0.567449091521573,0.8,2.586417708
2010-11-09,22.9388874421296,100.9656640625,0,6.308831787109,0.585627862385341,22,0.661562502384186,0.485660374164581,0.854916197717255,0.4,2.367993476
2010-11-10,21.5903833912037,100.6048671875,0.00214648116525495,11.314111328125,0.591572993404263,22,0.669277347624302,0.931420803070068,1.89242337236083,0.6,4.016569702
2010-11-11,14.7609910300926,100.7773359375,0,8.23244628906201,0.573023530153127,22,0.676992192864418,0.763983249664307,2.30126955665847,1.8,2.68807853
2010-11-12,21.6064250578704,100.7093046875,0,8.69484863281201,0.568395674228668,22,0.684707038104534,0.692830085754395,0.142406288048494,1,3.598138542
2010-11-13,18.3437239583333,102.3215859375,0.000858306862028257,5.13469848632803,0.556517960606041,22,0.69242188334465,0.635787069797516,1.1508951334608,1,2.521670936
2010-11-14,12.2395023148148,102.9029375,0.000858306862028257,2.50353393554701,0.537396904531416,22,0.700136728584767,0.45576623082161,0.806492015663136,0.7,1.798115637
2010-11-15,19.5621802662037,101.9707265625,0.000858306862028257,2.723626708984,0.53990367939184,22,0.707851573824883,0.411877036094666,1.37433583052972,0.9,2.004630683
2010-11-16,18.7274884259259,101.429546875,0.00257047531704302,5.608148193359,0.541059136718184,22,0.715566419064999,0.517066895961762,0.777700839596958,0.8,2.181949139
2010-11-17,23.560072337963,101.2588203125,0,6.515710449219,0.540863276510448,22,0.723281264305115,0.393700838088989,0.643274982452576,0.6,1.909728376
2010-11-18,5.24928276909722,101.0034296875,0.000426173215828385,8.883630371094,0.533558683080988,22,0.731367200613022,0.578558921813965,1.23340604362697,0.3,2.713957548
2010-11-19,16.3613165509259,100.3311796875,0.000441074377022233,8.41701660156201,0.55154735308427,22,0.739453136920929,0.582913160324097,1.14072683896971,1.6,2.665450427
2010-11-20,20.0990653935185,100.1629296875,0.000852346317969932,8.81292114257803,0.556312444445849,22,0.747539073228836,0.49973064661026,0.446388636386277,0.7,3.738651046
2010-11-21,1.73700267650463,101.1066875,0.000860742716213281,4.70720825195303,0.527000707584423,22,0.755625009536744,0.614026963710785,2.22792448456414,1.6,3.034791793
2010-11-22,20.5251793981481,101.250546875,0,5.411614990234,0.531297164303916,22,0.763710945844651,0.624413430690765,1.18548875161495,1.4,4.223003899
2010-11-23,13.5672554976852,101.07378125,0,5.01735839843803,0.535692259505555,22,0.771796882152558,0.486476212739945,0.550224860895556,0.7,2.611418611
2010-11-24,3.70983362268519,101.8381015625,0.00129342083710071,3.86382446289105,0.540222333682762,22,0.779882818460465,0.570456504821777,0.497897893005371,1.2,2.48286816
2010-11-25,15.2877893518519,101.46996875,0.0021576879589702,2.36260375976605,0.542525584881122,22,0.787968754768372,0.439045548439026,0.38625801382236,1,3.168494077
2010-11-26,15.8473350694444,100.770796875,0.00213993189390749,2.812493896484,0.541488601611211,22,0.790039069950581,0.373311847448349,0.68194792862105,0.5,1.675276492
2010-11-27,6.10376302083333,101.5666953125,0,2.55681762695303,0.533115879519955,22,0.79210938513279,0.526066303253174,0.791394806215561,1.2,2.639216046
2010-11-28,11.7773654513889,101.14046875,0.000435113804542198,3.777581787109,0.534220041809502,22,0.794179700314999,0.417493730783463,0.498266892906736,0.7,2.369067743
2010-11-29,13.6605338541667,100.9514765625,5.6843418860808e-11,3.504144287109,0.53722628394326,22,0.796250015497208,0.329141706228256,0.922527661340579,0.4,1.817648761
2010-11-30,12.8901837384259,100.7727421875,0.000852346374813351,4.36608276367201,0.502711250614444,22,0.798320330679417,0.30400151014328,0.164671968124293,0.5,3.106269233
2010-12-01,7.20808810763889,100.3998515625,0.00213980683838599,7.61242065429701,0.518682029362317,22,0.800390645861626,0.61564177274704,1.01615948045868,0.5,3.226143559
2010-12-02,-5.0191724537037,101.490734375,0.000870207031766768,4.088464355469,0.53234101977428,22,0.802460961043835,0.599347710609436,1.070307463085,1.9,2.139907042
2010-12-03,10.8819487847222,100.866828125,0.000426173215828385,2.68068847656201,0.541137282996918,22,0.804531276226044,0.418487876653671,0.87831980581436,0.8,3.110178672
2010-12-04,14.190462962963,100.284296875,0.000852346317969932,3.92638549804701,0.538094621066727,22,0.801093772053719,0.35065433382988,0.407393144091626,0.6,3.025858637
2010-12-05,0.244830277054398,101.7337265625,0.00258601994573837,5.47838745117201,0.525620194840461,22,0.797656267881394,0.570093154907227,1.99799149347131,0.8,1.450296531
2010-12-06,-5.11017361111111,102.1327734375,0.000852346317969932,0.847894287109,0.540767686162007,22,0.794218763709069,0.471247553825378,0.817414448408601,0.9,2.088835053
2010-12-07,0.811298285590278,100.6568203125,0.00213980683838599,3.66558227539105,0.518985157569852,22,0.790781259536744,0.62999415397644,2.35628937232467,1,2.608676852
2010-12-08,2.37205168547454,100.7483359375,0.00127991825138452,2.98247680664105,0.512818567991264,22,0.787343755364418,0.494974851608276,1.42253122105385,0.7,2.244475893
2010-12-09,4.690908203125,99.790171875,0.000852503546866501,4.52825317382803,0.510984083790223,22,0.783906251192093,0.536856889724731,1.34819180634746,0.4,3.034885823
2010-12-10,-11.1315596064815,100.9166875,0.00128126998788503,3.520013427734,0.554255366507151,22,0.780468747019768,0.591169953346252,1.61826050255086,1.5,2.386350305
2010-12-11,6.21738859953704,100.8870703125,0.00170401631294226,-0.388525390624977,0.537931448627787,22,0.777031242847443,0.377995550632477,0.763578535289294,0.8,2.542068024
2010-12-12,21.7590393518519,101.14575,0.566321599762887,0.434259033203034,0.524864813153028,22,0.768828116357327,0.33312514424324,1.99136474207125,0.3,1.301253712
2010-12-13,-6.00274450231481,102.2824765625,0.29059051303193,-3.397863769531,0.529270137224669,22,0.760624989867211,0.277866423130035,1.2671456612845,0.4,1.679644016
2010-12-14,-6.17957682291667,102.65925,0.000435113804542198,-4.36691894531197,0.534279808209802,22,0.752421863377095,0.278281569480896,0.26932189158243,0.5,1.660862202
2010-12-15,-15.9797468171296,102.2095078125,0.00214894748751249,-3.58139648437498,0.571158690873615,22,0.744218736886979,0.406865060329437,2.25969797516478,0.9,0.537543913
2010-12-16,-8.4308861400463,100.7347890625,0.000436745011711537,1.11217651367201,0.531256095701059,22,0.736015610396862,0.57908821105957,2.13346300637098,0.8,1.798767681
2010-12-17,-1.03435772931134,100.5456796875,0,1.788415527344,0.535305769936505,22,0.727812483906746,0.479068458080292,1.22269777972603,0.7,1.800457726
2010-12-18,4.11269820601852,100.51265625,0,2.72503051757803,0.537702774554671,22,0.71960935741663,0.50767982006073,1.05336485289838,0.4,2.356632241
2010-12-19,-1.62853352864583,101.067328125,0.000435113804542198,3.83986816406201,0.533644232232572,22,0.711406230926514,0.581957876682282,1.5923683630421,0.6,1.611948229
2010-12-20,11.5720088252315,100.6885625,0,3.042718505859,0.547161732122945,22,0.702617168426514,0.407721787691116,0.465385109742623,0.4,1.55463702
2010-12-21,3.42098668981481,100.400828125,0,3.687097167969,0.535403686334055,22,0.693828105926514,0.471574723720551,0.760343801105021,0.3,1.803466444
2010-12-22,4.94721715856482,101.3836640625,0.00505485604662681,2.79311523437502,0.55229123904283,22,0.685039043426514,0.455532371997833,1.56840481308671,0.4,1.528511144
2010-12-23,-19.7303096064815,102.8410859375,0.16988736751955,-4.30261840820299,0.533128855402752,22,0.676249980926514,0.323061943054199,1.55654349693871,0.3,0.796198055
2010-12-24,0.76976734302662,102.620265625,0.000852346317969932,-5.55084838867197,0.529425050555361,22,0.667460918426514,0.313306450843811,1.23523806995857,0.5,0.626012839
2010-12-25,-6.9953833912037,101.558,0,-5.63220825195299,0.520851469721306,22,0.658671855926514,0.245891571044922,0.616843230184847,0.3,0.720357913
2010-12-26,4.12015444155093,100.59040625,0.000858306805184839,-2.76947631835895,0.524403388158253,22,0.649882793426514,0.31813845038414,0.957282574848502,0.8,2.511589468
2010-12-27,-11.9959107349537,100.592046875,0,1.46276245117201,0.5279553065952,22,0.641093730926514,0.476366877555847,2.86864883377318,1.4,2.408825132
2010-12-28,3.10604347511574,101.1227265625,0.00129342083710071,-0.473486328124977,0.531507225032147,22,0.622343730926514,0.425894200801849,0.744081859094561,0.9,1.009086426
2010-12-29,-16.4490943287037,101.66234375,0.000846385887598444,-1.02542724609395,0.535059143469094,22,0.603593730926514,0.469267994165421,4.61953388369258,1.2,1.150350908
2010-12-30,-15.5029803240741,101.9645546875,0.00172257421127142,-4.57575073242197,0.538780151487707,22,0.584843730926514,0.366954743862152,3.25281139001867,0.9,1.075226458
2010-12-31,-8.03456380208333,102.2529609375,0.000435113804542198,-4.71066894531197,0.557550132274628,22,0.566093730926514,0.345968842506409,1.91312731173412,0.6,0.399443483
